Año;Mes;Lote;Residuo;Distrito;Nombre distrito;Total
2024;ENERO;1;CAMA DE CABALLO;9;MONCLOA - ARAVACA;162,485
2024;ENERO;1;CARTON COMERCIAL;1;CENTRO;265,06
2024;ENERO;1;CARTON COMERCIAL;6;TETUAN;70,82
2024;ENERO;1;CARTON COMERCIAL;7;CHAMBERI;110,28
2024;ENERO;1;CARTON COMERCIAL;8;FUENCARRAL - EL PARDO;30,72
2024;ENERO;1;CARTON COMERCIAL;10;LATINA;34,93
2024;ENERO;1;CLINICOS;1;CENTRO;184,54
2024;ENERO;1;CLINICOS;6;TETUAN;14,46
2024;ENERO;1;CLINICOS;8;FUENCARRAL - EL PARDO;331,92
2024;ENERO;1;CLINICOS;9;MONCLOA - ARAVACA;251,62
2024;ENERO;1;CLINICOS;10;LATINA;37,98
2024;ENERO;1;ENVASES;1;CENTRO;311,48
2024;ENERO;1;ENVASES;6;TETUAN;496,54
2024;ENERO;1;ENVASES;7;CHAMBERI;512,06
2024;ENERO;1;ENVASES;8;FUENCARRAL - EL PARDO;778
2024;ENERO;1;ENVASES;9;MONCLOA - ARAVACA;473,4
2024;ENERO;1;ENVASES;10;LATINA;767,2
2024;ENERO;1;ORGANICA;1;CENTRO;2048,62
2024;ENERO;1;ORGANICA;6;TETUAN;1078,58
2024;ENERO;1;ORGANICA;7;CHAMBERI;1164,26
2024;ENERO;1;ORGANICA;8;FUENCARRAL - EL PARDO;1721,68
2024;ENERO;1;ORGANICA;9;MONCLOA - ARAVACA;1169,16
2024;ENERO;1;ORGANICA;10;LATINA;1480,38
2024;ENERO;1;PAPEL-CARTON;1;CENTRO;502,54
2024;ENERO;1;PAPEL-CARTON;6;TETUAN;422,58
2024;ENERO;1;PAPEL-CARTON;7;CHAMBERI;305,26
2024;ENERO;1;PAPEL-CARTON;8;FUENCARRAL - EL PARDO;740,12
2024;ENERO;1;PAPEL-CARTON;9;MONCLOA - ARAVACA;323,2
2024;ENERO;1;PAPEL-CARTON;10;LATINA;387,08
2024;ENERO;1;PILAS;1;CENTRO;0,114028502
2024;ENERO;1;PILAS;6;TETUAN;0,132731692
2024;ENERO;1;PILAS;7;CHAMBERI;0,088809695
2024;ENERO;1;PILAS;8;FUENCARRAL - EL PARDO;0,137083935
2024;ENERO;1;PILAS;9;MONCLOA - ARAVACA;0,087970649
2024;ENERO;1;PILAS;10;LATINA;0,159938038
2024;ENERO;1;PUNTOS LIMPIOS;8;FUENCARRAL - EL PARDO;148,1
2024;ENERO;1;PUNTOS LIMPIOS;9;MONCLOA - ARAVACA;52,8
2024;ENERO;1;PUNTOS LIMPIOS;10;LATINA;127,98
2024;ENERO;1;RCD;1;CENTRO;132,47
2024;ENERO;1;RCD;6;TETUAN;37,89
2024;ENERO;1;RCD;7;CHAMBERI;50,76
2024;ENERO;1;RCD;8;FUENCARRAL - EL PARDO;114,235
2024;ENERO;1;RCD;9;MONCLOA - ARAVACA;63,11
2024;ENERO;1;RCD;10;LATINA;45,02
2024;ENERO;1;RESTO;1;CENTRO;3269,58
2024;ENERO;1;RESTO;6;TETUAN;2254,18
2024;ENERO;1;RESTO;7;CHAMBERI;1718,48
2024;ENERO;1;RESTO;8;FUENCARRAL - EL PARDO;3206,3
2024;ENERO;1;RESTO;9;MONCLOA - ARAVACA;2087,24
2024;ENERO;1;RESTO;10;LATINA;3101,58
2024;ENERO;1;ROPA;1;CENTRO;19,75
2024;ENERO;1;ROPA;6;TETUAN;11,395
2024;ENERO;1;ROPA;7;CHAMBERI;23,15
2024;ENERO;1;ROPA;8;FUENCARRAL - EL PARDO;15,88
2024;ENERO;1;ROPA;9;MONCLOA - ARAVACA;11,205
2024;ENERO;1;ROPA;10;LATINA;27,885
2024;ENERO;1;VIDRIO;1;CENTRO;659,36
2024;ENERO;1;VIDRIO;6;TETUAN;343,08
2024;ENERO;1;VIDRIO;7;CHAMBERI;350,4
2024;ENERO;1;VIDRIO;8;FUENCARRAL - EL PARDO;254,8
2024;ENERO;1;VIDRIO;9;MONCLOA - ARAVACA;354,42
2024;ENERO;1;VIDRIO;10;LATINA;281,54
2024;ENERO;1;VIDRIO COMERCIAL;1;CENTRO;113,18
2024;ENERO;2;CARTON COMERCIAL;3;RETIRO;48,26
2024;ENERO;2;CARTON COMERCIAL;4;SALAMANCA;64,48
2024;ENERO;2;CARTON COMERCIAL;5;CHAMARTIN;78,3
2024;ENERO;2;CARTON COMERCIAL;14;MORATALAZ;29,78
2024;ENERO;2;CARTON COMERCIAL;15;CIUDAD LINEAL;50,52
2024;ENERO;2;CARTON COMERCIAL;16;HORTALEZA;55,02
2024;ENERO;2;CARTON COMERCIAL;19;VICALVARO;27,82
2024;ENERO;2;CARTON COMERCIAL;21;BARAJAS;34,98
2024;ENERO;2;CLINICOS;3;RETIRO;202,62
2024;ENERO;2;CLINICOS;4;SALAMANCA;124,08
2024;ENERO;2;CLINICOS;15;CIUDAD LINEAL;138,98
2024;ENERO;2;ENVASES;3;RETIRO;367,94
2024;ENERO;2;ENVASES;4;SALAMANCA;527,82
2024;ENERO;2;ENVASES;5;CHAMARTIN;497,14
2024;ENERO;2;ENVASES;14;MORATALAZ;296,7
2024;ENERO;2;ENVASES;15;CIUDAD LINEAL;791,58
2024;ENERO;2;ENVASES;16;HORTALEZA;703,5
2024;ENERO;2;ENVASES;19;VICALVARO;300,62
2024;ENERO;2;ENVASES;20;SAN BLAS - CANILLEJAS;546,02
2024;ENERO;2;ENVASES;21;BARAJAS;187,9
2024;ENERO;2;ORGANICA;3;RETIRO;937,74
2024;ENERO;2;ORGANICA;4;SALAMANCA;1612,26
2024;ENERO;2;ORGANICA;5;CHAMARTIN;1323,16
2024;ENERO;2;ORGANICA;14;MORATALAZ;319,4
2024;ENERO;2;ORGANICA;15;CIUDAD LINEAL;1098,8
2024;ENERO;2;ORGANICA;16;HORTALEZA;1171,5
2024;ENERO;2;ORGANICA;19;VICALVARO;833,68
2024;ENERO;2;ORGANICA;20;SAN BLAS - CANILLEJAS;1044,72
2024;ENERO;2;ORGANICA;21;BARAJAS;537,42
2024;ENERO;2;PAPEL-CARTON;3;RETIRO;292,22
2024;ENERO;2;PAPEL-CARTON;4;SALAMANCA;663,06
2024;ENERO;2;PAPEL-CARTON;5;CHAMARTIN;349,64
2024;ENERO;2;PAPEL-CARTON;14;MORATALAZ;237,08
2024;ENERO;2;PAPEL-CARTON;15;CIUDAD LINEAL;352,48
2024;ENERO;2;PAPEL-CARTON;16;HORTALEZA;471,86
2024;ENERO;2;PAPEL-CARTON;19;VICALVARO;90,84
2024;ENERO;2;PAPEL-CARTON;20;SAN BLAS - CANILLEJAS;394,1
2024;ENERO;2;PAPEL-CARTON;21;BARAJAS;119,92
2024;ENERO;2;PILAS;3;RETIRO;0,040263253
2024;ENERO;2;PILAS;4;SALAMANCA;0,102171421
2024;ENERO;2;PILAS;5;CHAMARTIN;0,107653111
2024;ENERO;2;PILAS;14;MORATALAZ;0,05265839
2024;ENERO;2;PILAS;15;CIUDAD LINEAL;0,09518265
2024;ENERO;2;PILAS;16;HORTALEZA;0,185081267
2024;ENERO;2;PILAS;19;VICALVARO;0,079195015
2024;ENERO;2;PILAS;20;SAN BLAS - CANILLEJAS;0,08610975
2024;ENERO;2;PILAS;21;BARAJAS;0,086694407
2024;ENERO;2;PUNTOS LIMPIOS;3;RETIRO;2,2
2024;ENERO;2;PUNTOS LIMPIOS;5;CHAMARTIN;114,8
2024;ENERO;2;PUNTOS LIMPIOS;14;MORATALAZ;55,68
2024;ENERO;2;PUNTOS LIMPIOS;15;CIUDAD LINEAL;67,86
2024;ENERO;2;PUNTOS LIMPIOS;16;HORTALEZA;73,04
2024;ENERO;2;PUNTOS LIMPIOS;19;VICALVARO;28,8
2024;ENERO;2;PUNTOS LIMPIOS;20;SAN BLAS - CANILLEJAS;76,48
2024;ENERO;2;PUNTOS LIMPIOS;21;BARAJAS;31,6
2024;ENERO;2;RCD;3;RETIRO;24,48
2024;ENERO;2;RCD;4;SALAMANCA;79,99
2024;ENERO;2;RCD;5;CHAMARTIN;202,95
2024;ENERO;2;RCD;14;MORATALAZ;113,59
2024;ENERO;2;RCD;15;CIUDAD LINEAL;132,07
2024;ENERO;2;RCD;16;HORTALEZA;96,56
2024;ENERO;2;RCD;19;VICALVARO;135,6
2024;ENERO;2;RCD;20;SAN BLAS - CANILLEJAS;115,41
2024;ENERO;2;RCD;21;BARAJAS;120,68
2024;ENERO;2;RESTO;3;RETIRO;1253,62
2024;ENERO;2;RESTO;4;SALAMANCA;1669,44
2024;ENERO;2;RESTO;5;CHAMARTIN;1763,08
2024;ENERO;2;RESTO;14;MORATALAZ;1171,9
2024;ENERO;2;RESTO;15;CIUDAD LINEAL;2809,24
2024;ENERO;2;RESTO;16;HORTALEZA;2394,26
2024;ENERO;2;RESTO;19;VICALVARO;1603,52
2024;ENERO;2;RESTO;20;SAN BLAS - CANILLEJAS;2228,54
2024;ENERO;2;RESTO;21;BARAJAS;850,42
2024;ENERO;2;ROPA;3;RETIRO;2,29
2024;ENERO;2;ROPA;4;SALAMANCA;10,01
2024;ENERO;2;ROPA;5;CHAMARTIN;17,9
2024;ENERO;2;ROPA;14;MORATALAZ;5,37
2024;ENERO;2;ROPA;15;CIUDAD LINEAL;9,53
2024;ENERO;2;ROPA;16;HORTALEZA;8,54
2024;ENERO;2;ROPA;19;VICALVARO;5,73
2024;ENERO;2;ROPA;20;SAN BLAS - CANILLEJAS;11,22
2024;ENERO;2;ROPA;21;BARAJAS;5,27
2024;ENERO;2;VIDRIO;3;RETIRO;445,22
2024;ENERO;2;VIDRIO;4;SALAMANCA;434,86
2024;ENERO;2;VIDRIO;5;CHAMARTIN;231,44
2024;ENERO;2;VIDRIO;14;MORATALAZ;285,56
2024;ENERO;2;VIDRIO;15;CIUDAD LINEAL;194,5
2024;ENERO;2;VIDRIO;16;HORTALEZA;165,22
2024;ENERO;2;VIDRIO;19;VICALVARO;164,02
2024;ENERO;2;VIDRIO;20;SAN BLAS - CANILLEJAS;203,46
2024;ENERO;2;VIDRIO;21;BARAJAS;128,7
2024;ENERO;2;VIDRIO COMERCIAL;4;SALAMANCA;129,72
2024;ENERO;3;ANIMALES MUERTOS;99;SIN DISTRITO;8,88
2024;ENERO;3;CARTON COMERCIAL;2;ARGANZUELA;37,9
2024;ENERO;3;CARTON COMERCIAL;11;CARABANCHEL;39,98
2024;ENERO;3;CARTON COMERCIAL;12;USERA;39,38
2024;ENERO;3;CARTON COMERCIAL;13;PUENTE DE VALLECAS;42,66
2024;ENERO;3;CARTON COMERCIAL;17;VILLAVERDE;29,56
2024;ENERO;3;CARTON COMERCIAL;18;VILLA DE VALLECAS;22,62
2024;ENERO;3;CLINICOS;12;USERA;176,78
2024;ENERO;3;CLINICOS;13;PUENTE DE VALLECAS;37,78
2024;ENERO;3;ENVASES;2;ARGANZUELA;506,78
2024;ENERO;3;ENVASES;11;CARABANCHEL;1073,86
2024;ENERO;3;ENVASES;12;USERA;476,02
2024;ENERO;3;ENVASES;13;PUENTE DE VALLECAS;899,14
2024;ENERO;3;ENVASES;17;VILLAVERDE;462,98
2024;ENERO;3;ENVASES;18;VILLA DE VALLECAS;403,02
2024;ENERO;3;ORGANICA;2;ARGANZUELA;832,62
2024;ENERO;3;ORGANICA;11;CARABANCHEL;1556,72
2024;ENERO;3;ORGANICA;12;USERA;943,7
2024;ENERO;3;ORGANICA;13;PUENTE DE VALLECAS;1425,86
2024;ENERO;3;ORGANICA;17;VILLAVERDE;1237,24
2024;ENERO;3;ORGANICA;18;VILLA DE VALLECAS;1754,14
2024;ENERO;3;PAPEL-CARTON;2;ARGANZUELA;393,02
2024;ENERO;3;PAPEL-CARTON;11;CARABANCHEL;339,28
2024;ENERO;3;PAPEL-CARTON;12;USERA;208,54
2024;ENERO;3;PAPEL-CARTON;13;PUENTE DE VALLECAS;300,44
2024;ENERO;3;PAPEL-CARTON;17;VILLAVERDE;217,76
2024;ENERO;3;PAPEL-CARTON;18;VILLA DE VALLECAS;200,1
2024;ENERO;3;PILAS;2;ARGANZUELA;0,093106637
2024;ENERO;3;PILAS;11;CARABANCHEL;0,157690692
2024;ENERO;3;PILAS;12;USERA;0,136248075
2024;ENERO;3;PILAS;13;PUENTE DE VALLECAS;0,083365343
2024;ENERO;3;PILAS;17;VILLAVERDE;0,078485525
2024;ENERO;3;PILAS;18;VILLA DE VALLECAS;0,04215339
2024;ENERO;3;PILAS;99;SIN DISTRITO;6,641
2024;ENERO;3;PUNTOS LIMPIOS;2;ARGANZUELA;61,2
2024;ENERO;3;PUNTOS LIMPIOS;11;CARABANCHEL;47,08
2024;ENERO;3;PUNTOS LIMPIOS;12;USERA;35,66
2024;ENERO;3;PUNTOS LIMPIOS;13;PUENTE DE VALLECAS;34,8
2024;ENERO;3;PUNTOS LIMPIOS;17;VILLAVERDE;55,32
2024;ENERO;3;PUNTOS LIMPIOS;18;VILLA DE VALLECAS;98,36
2024;ENERO;3;RCD;2;ARGANZUELA;32,28
2024;ENERO;3;RCD;11;CARABANCHEL;41,5
2024;ENERO;3;RCD;12;USERA;47,27
2024;ENERO;3;RCD;13;PUENTE DE VALLECAS;39,88
2024;ENERO;3;RCD;17;VILLAVERDE;64,51
2024;ENERO;3;RCD;18;VILLA DE VALLECAS;71,98
2024;ENERO;3;RESTO;2;ARGANZUELA;1588,73
2024;ENERO;3;RESTO;11;CARABANCHEL;3816,8
2024;ENERO;3;RESTO;12;USERA;1446,74
2024;ENERO;3;RESTO;13;PUENTE DE VALLECAS;3448,98
2024;ENERO;3;RESTO;17;VILLAVERDE;2542,46
2024;ENERO;3;RESTO;18;VILLA DE VALLECAS;2474,88
2024;ENERO;3;ROPA;2;ARGANZUELA;13,305
2024;ENERO;3;ROPA;11;CARABANCHEL;3,4
2024;ENERO;3;ROPA;12;USERA;9,66
2024;ENERO;3;ROPA;13;PUENTE DE VALLECAS;7,615
2024;ENERO;3;ROPA;17;VILLAVERDE;6,66
2024;ENERO;3;ROPA;18;VILLA DE VALLECAS;12,325
2024;ENERO;3;VIDRIO;2;ARGANZUELA;215,8
2024;ENERO;3;VIDRIO;11;CARABANCHEL;269,18
2024;ENERO;3;VIDRIO;12;USERA;241,12
2024;ENERO;3;VIDRIO;13;PUENTE DE VALLECAS;228,62
2024;ENERO;3;VIDRIO;17;VILLAVERDE;195,54
2024;ENERO;3;VIDRIO;18;VILLA DE VALLECAS;190,56
2024;FEBRERO;1;CAMA DE CABALLO;9;MONCLOA - ARAVACA;128,885
2024;FEBRERO;1;CARTON COMERCIAL;1;CENTRO;241,58
2024;FEBRERO;1;CARTON COMERCIAL;6;TETUAN;70,82
2024;FEBRERO;1;CARTON COMERCIAL;7;CHAMBERI;106,06
2024;FEBRERO;1;CARTON COMERCIAL;8;FUENCARRAL - EL PARDO;29,24
2024;FEBRERO;1;CARTON COMERCIAL;10;LATINA;35,42
2024;FEBRERO;1;CLINICOS;1;CENTRO;185,72
2024;FEBRERO;1;CLINICOS;6;TETUAN;16,32
2024;FEBRERO;1;CLINICOS;8;FUENCARRAL - EL PARDO;313,12
2024;FEBRERO;1;CLINICOS;9;MONCLOA - ARAVACA;262,22
2024;FEBRERO;1;CLINICOS;10;LATINA;28,94
2024;FEBRERO;1;ENVASES;1;CENTRO;304,1
2024;FEBRERO;1;ENVASES;6;TETUAN;448,42
2024;FEBRERO;1;ENVASES;7;CHAMBERI;485,56
2024;FEBRERO;1;ENVASES;8;FUENCARRAL - EL PARDO;685,08
2024;FEBRERO;1;ENVASES;9;MONCLOA - ARAVACA;445,76
2024;FEBRERO;1;ENVASES;10;LATINA;700,88
2024;FEBRERO;1;ORGANICA;1;CENTRO;2004,72
2024;FEBRERO;1;ORGANICA;6;TETUAN;1025,18
2024;FEBRERO;1;ORGANICA;7;CHAMBERI;1122,39
2024;FEBRERO;1;ORGANICA;8;FUENCARRAL - EL PARDO;1567,8
2024;FEBRERO;1;ORGANICA;9;MONCLOA - ARAVACA;1114,46
2024;FEBRERO;1;ORGANICA;10;LATINA;1378,54
2024;FEBRERO;1;PAPEL-CARTON;1;CENTRO;491,52
2024;FEBRERO;1;PAPEL-CARTON;6;TETUAN;396,66
2024;FEBRERO;1;PAPEL-CARTON;7;CHAMBERI;276,48
2024;FEBRERO;1;PAPEL-CARTON;8;FUENCARRAL - EL PARDO;645,36
2024;FEBRERO;1;PAPEL-CARTON;9;MONCLOA - ARAVACA;291,56
2024;FEBRERO;1;PAPEL-CARTON;10;LATINA;325,62
2024;FEBRERO;1;PILAS;1;CENTRO;0,104885682
2024;FEBRERO;1;PILAS;6;TETUAN;0,123640261
2024;FEBRERO;1;PILAS;7;CHAMBERI;0,081320539
2024;FEBRERO;1;PILAS;8;FUENCARRAL - EL PARDO;0,12810343
2024;FEBRERO;1;PILAS;9;MONCLOA - ARAVACA;0,079945646
2024;FEBRERO;1;PILAS;10;LATINA;0,150080947
2024;FEBRERO;1;PUNTOS LIMPIOS;8;FUENCARRAL - EL PARDO;149,46
2024;FEBRERO;1;PUNTOS LIMPIOS;9;MONCLOA - ARAVACA;54,94
2024;FEBRERO;1;PUNTOS LIMPIOS;10;LATINA;165,38
2024;FEBRERO;1;RCD;1;CENTRO;110,595
2024;FEBRERO;1;RCD;6;TETUAN;48,915
2024;FEBRERO;1;RCD;7;CHAMBERI;54,99
2024;FEBRERO;1;RCD;8;FUENCARRAL - EL PARDO;123,78
2024;FEBRERO;1;RCD;9;MONCLOA - ARAVACA;70,385
2024;FEBRERO;1;RCD;10;LATINA;55,725
2024;FEBRERO;1;RESTO;1;CENTRO;3108,28
2024;FEBRERO;1;RESTO;6;TETUAN;2143,86
2024;FEBRERO;1;RESTO;7;CHAMBERI;1701,62
2024;FEBRERO;1;RESTO;8;FUENCARRAL - EL PARDO;2932,8
2024;FEBRERO;1;RESTO;9;MONCLOA - ARAVACA;1977,3
2024;FEBRERO;1;RESTO;10;LATINA;2836
2024;FEBRERO;1;ROPA;1;CENTRO;13,135
2024;FEBRERO;1;ROPA;6;TETUAN;11,08
2024;FEBRERO;1;ROPA;7;CHAMBERI;14,865
2024;FEBRERO;1;ROPA;8;FUENCARRAL - EL PARDO;12,065
2024;FEBRERO;1;ROPA;9;MONCLOA - ARAVACA;10,875
2024;FEBRERO;1;ROPA;10;LATINA;23,025
2024;FEBRERO;1;VIDRIO;1;CENTRO;624,14
2024;FEBRERO;1;VIDRIO;6;TETUAN;306,04
2024;FEBRERO;1;VIDRIO;7;CHAMBERI;332,24
2024;FEBRERO;1;VIDRIO;8;FUENCARRAL - EL PARDO;235,88
2024;FEBRERO;1;VIDRIO;9;MONCLOA - ARAVACA;336,96
2024;FEBRERO;1;VIDRIO;10;LATINA;232,76
2024;FEBRERO;1;VIDRIO COMERCIAL;1;CENTRO;114,92
2024;FEBRERO;2;CARTON COMERCIAL;3;RETIRO;50,38
2024;FEBRERO;2;CARTON COMERCIAL;4;SALAMANCA;74
2024;FEBRERO;2;CARTON COMERCIAL;5;CHAMARTIN;69,26
2024;FEBRERO;2;CARTON COMERCIAL;14;MORATALAZ;31,3
2024;FEBRERO;2;CARTON COMERCIAL;15;CIUDAD LINEAL;39,88
2024;FEBRERO;2;CARTON COMERCIAL;16;HORTALEZA;41,3
2024;FEBRERO;2;CARTON COMERCIAL;19;VICALVARO;29,48
2024;FEBRERO;2;CARTON COMERCIAL;20;SAN BLAS - CANILLEJAS;1,7
2024;FEBRERO;2;CARTON COMERCIAL;21;BARAJAS;20,06
2024;FEBRERO;2;CLINICOS;3;RETIRO;182,3
2024;FEBRERO;2;CLINICOS;4;SALAMANCA;125,52
2024;FEBRERO;2;CLINICOS;15;CIUDAD LINEAL;139,42
2024;FEBRERO;2;CONTENEDORES DE ROPA;16;HORTALEZA;0,54
2024;FEBRERO;2;ENVASES;3;RETIRO;329,4
2024;FEBRERO;2;ENVASES;4;SALAMANCA;483,24
2024;FEBRERO;2;ENVASES;5;CHAMARTIN;469,68
2024;FEBRERO;2;ENVASES;14;MORATALAZ;234,76
2024;FEBRERO;2;ENVASES;15;CIUDAD LINEAL;693,04
2024;FEBRERO;2;ENVASES;16;HORTALEZA;634,34
2024;FEBRERO;2;ENVASES;19;VICALVARO;304,92
2024;FEBRERO;2;ENVASES;20;SAN BLAS - CANILLEJAS;495,16
2024;FEBRERO;2;ENVASES;21;BARAJAS;147,82
2024;FEBRERO;2;ORGANICA;3;RETIRO;891,92
2024;FEBRERO;2;ORGANICA;4;SALAMANCA;1546,7
2024;FEBRERO;2;ORGANICA;5;CHAMARTIN;1265,68
2024;FEBRERO;2;ORGANICA;14;MORATALAZ;321,48
2024;FEBRERO;2;ORGANICA;15;CIUDAD LINEAL;1023,08
2024;FEBRERO;2;ORGANICA;16;HORTALEZA;1099,88
2024;FEBRERO;2;ORGANICA;19;VICALVARO;753,56
2024;FEBRERO;2;ORGANICA;20;SAN BLAS - CANILLEJAS;976,88
2024;FEBRERO;2;ORGANICA;21;BARAJAS;480,68
2024;FEBRERO;2;PAPEL-CARTON;3;RETIRO;269,76
2024;FEBRERO;2;PAPEL-CARTON;4;SALAMANCA;563,7
2024;FEBRERO;2;PAPEL-CARTON;5;CHAMARTIN;315,52
2024;FEBRERO;2;PAPEL-CARTON;14;MORATALAZ;218,3
2024;FEBRERO;2;PAPEL-CARTON;15;CIUDAD LINEAL;320,68
2024;FEBRERO;2;PAPEL-CARTON;16;HORTALEZA;401,24
2024;FEBRERO;2;PAPEL-CARTON;19;VICALVARO;88,34
2024;FEBRERO;2;PAPEL-CARTON;20;SAN BLAS - CANILLEJAS;319,66
2024;FEBRERO;2;PAPEL-CARTON;21;BARAJAS;92,6
2024;FEBRERO;2;PILAS;3;RETIRO;0,037365419
2024;FEBRERO;2;PILAS;4;SALAMANCA;0,090765757
2024;FEBRERO;2;PILAS;5;CHAMARTIN;0,101039558
2024;FEBRERO;2;PILAS;14;MORATALAZ;0,049482855
2024;FEBRERO;2;PILAS;15;CIUDAD LINEAL;0,087959959
2024;FEBRERO;2;PILAS;16;HORTALEZA;0,172778425
2024;FEBRERO;2;PILAS;19;VICALVARO;0,073827
2024;FEBRERO;2;PILAS;20;SAN BLAS - CANILLEJAS;0,07881692
2024;FEBRERO;2;PILAS;21;BARAJAS;0,081046619
2024;FEBRERO;2;PUNTOS LIMPIOS;3;RETIRO;3,34
2024;FEBRERO;2;PUNTOS LIMPIOS;5;CHAMARTIN;110,96
2024;FEBRERO;2;PUNTOS LIMPIOS;14;MORATALAZ;70,12
2024;FEBRERO;2;PUNTOS LIMPIOS;15;CIUDAD LINEAL;77,18
2024;FEBRERO;2;PUNTOS LIMPIOS;16;HORTALEZA;65,7
2024;FEBRERO;2;PUNTOS LIMPIOS;19;VICALVARO;34,14
2024;FEBRERO;2;PUNTOS LIMPIOS;20;SAN BLAS - CANILLEJAS;61,64
2024;FEBRERO;2;PUNTOS LIMPIOS;21;BARAJAS;39,94
2024;FEBRERO;2;RCD;3;RETIRO;14,62
2024;FEBRERO;2;RCD;4;SALAMANCA;45,48
2024;FEBRERO;2;RCD;5;CHAMARTIN;151,48
2024;FEBRERO;2;RCD;14;MORATALAZ;55,46
2024;FEBRERO;2;RCD;15;CIUDAD LINEAL;122,63
2024;FEBRERO;2;RCD;16;HORTALEZA;89,44
2024;FEBRERO;2;RCD;19;VICALVARO;85,23
2024;FEBRERO;2;RCD;20;SAN BLAS - CANILLEJAS;72,88
2024;FEBRERO;2;RCD;21;BARAJAS;66,73
2024;FEBRERO;2;RESTO;3;RETIRO;1185,32
2024;FEBRERO;2;RESTO;4;SALAMANCA;1585,36
2024;FEBRERO;2;RESTO;5;CHAMARTIN;1694,5
2024;FEBRERO;2;RESTO;14;MORATALAZ;1006,44
2024;FEBRERO;2;RESTO;15;CIUDAD LINEAL;2643,72
2024;FEBRERO;2;RESTO;16;HORTALEZA;2157,86
2024;FEBRERO;2;RESTO;19;VICALVARO;1499,44
2024;FEBRERO;2;RESTO;20;SAN BLAS - CANILLEJAS;2060,34
2024;FEBRERO;2;RESTO;21;BARAJAS;781,2
2024;FEBRERO;2;ROPA;3;RETIRO;4,3
2024;FEBRERO;2;ROPA;4;SALAMANCA;9
2024;FEBRERO;2;ROPA;5;CHAMARTIN;13,02
2024;FEBRERO;2;ROPA;14;MORATALAZ;5,2
2024;FEBRERO;2;ROPA;15;CIUDAD LINEAL;6,47
2024;FEBRERO;2;ROPA;16;HORTALEZA;6,85
2024;FEBRERO;2;ROPA;19;VICALVARO;5,58
2024;FEBRERO;2;ROPA;20;SAN BLAS - CANILLEJAS;8,59
2024;FEBRERO;2;ROPA;21;BARAJAS;5,09
2024;FEBRERO;2;VIDRIO;3;RETIRO;328,1
2024;FEBRERO;2;VIDRIO;4;SALAMANCA;288,2
2024;FEBRERO;2;VIDRIO;5;CHAMARTIN;222,92
2024;FEBRERO;2;VIDRIO;14;MORATALAZ;223,64
2024;FEBRERO;2;VIDRIO;15;CIUDAD LINEAL;165,12
2024;FEBRERO;2;VIDRIO;16;HORTALEZA;150,86
2024;FEBRERO;2;VIDRIO;19;VICALVARO;107,08
2024;FEBRERO;2;VIDRIO;20;SAN BLAS - CANILLEJAS;193,24
2024;FEBRERO;2;VIDRIO;21;BARAJAS;132,4
2024;FEBRERO;2;VIDRIO COMERCIAL;4;SALAMANCA;142,26
2024;FEBRERO;3;ANIMALES MUERTOS;99;SIN DISTRITO;8,94
2024;FEBRERO;3;CARTON COMERCIAL;2;ARGANZUELA;37,7
2024;FEBRERO;3;CARTON COMERCIAL;11;CARABANCHEL;40,18
2024;FEBRERO;3;CARTON COMERCIAL;12;USERA;41,72
2024;FEBRERO;3;CARTON COMERCIAL;13;PUENTE DE VALLECAS;42,38
2024;FEBRERO;3;CARTON COMERCIAL;17;VILLAVERDE;24,56
2024;FEBRERO;3;CARTON COMERCIAL;18;VILLA DE VALLECAS;21,04
2024;FEBRERO;3;CLINICOS;12;USERA;167,76
2024;FEBRERO;3;CLINICOS;13;PUENTE DE VALLECAS;37,66
2024;FEBRERO;3;ENVASES;2;ARGANZUELA;464,76
2024;FEBRERO;3;ENVASES;11;CARABANCHEL;951,16
2024;FEBRERO;3;ENVASES;12;USERA;468,46
2024;FEBRERO;3;ENVASES;13;PUENTE DE VALLECAS;812,82
2024;FEBRERO;3;ENVASES;17;VILLAVERDE;392,46
2024;FEBRERO;3;ENVASES;18;VILLA DE VALLECAS;366,36
2024;FEBRERO;3;ORGANICA;2;ARGANZUELA;750,28
2024;FEBRERO;3;ORGANICA;11;CARABANCHEL;1461,78
2024;FEBRERO;3;ORGANICA;12;USERA;866,08
2024;FEBRERO;3;ORGANICA;13;PUENTE DE VALLECAS;1464,14
2024;FEBRERO;3;ORGANICA;17;VILLAVERDE;1116,9
2024;FEBRERO;3;ORGANICA;18;VILLA DE VALLECAS;1823,04
2024;FEBRERO;3;PAPEL-CARTON;2;ARGANZUELA;354,04
2024;FEBRERO;3;PAPEL-CARTON;11;CARABANCHEL;297,5
2024;FEBRERO;3;PAPEL-CARTON;12;USERA;182,5
2024;FEBRERO;3;PAPEL-CARTON;13;PUENTE DE VALLECAS;252
2024;FEBRERO;3;PAPEL-CARTON;17;VILLAVERDE;193,36
2024;FEBRERO;3;PAPEL-CARTON;18;VILLA DE VALLECAS;165,86
2024;FEBRERO;3;PILAS;2;ARGANZUELA;0,083376414
2024;FEBRERO;3;PILAS;11;CARABANCHEL;0,148055066
2024;FEBRERO;3;PILAS;12;USERA;0,127813203
2024;FEBRERO;3;PILAS;13;PUENTE DE VALLECAS;0,078316051
2024;FEBRERO;3;PILAS;17;VILLAVERDE;0,071598245
2024;FEBRERO;3;PILAS;18;VILLA DE VALLECAS;0,039300663
2024;FEBRERO;3;PILAS;99;SIN DISTRITO;5,345
2024;FEBRERO;3;PUNTOS LIMPIOS;2;ARGANZUELA;66,3
2024;FEBRERO;3;PUNTOS LIMPIOS;11;CARABANCHEL;62,78
2024;FEBRERO;3;PUNTOS LIMPIOS;12;USERA;38,02
2024;FEBRERO;3;PUNTOS LIMPIOS;13;PUENTE DE VALLECAS;42,36
2024;FEBRERO;3;PUNTOS LIMPIOS;17;VILLAVERDE;44,9
2024;FEBRERO;3;PUNTOS LIMPIOS;18;VILLA DE VALLECAS;80
2024;FEBRERO;3;RCD;2;ARGANZUELA;37,85
2024;FEBRERO;3;RCD;11;CARABANCHEL;93,77
2024;FEBRERO;3;RCD;12;USERA;68,34
2024;FEBRERO;3;RCD;13;PUENTE DE VALLECAS;43,67
2024;FEBRERO;3;RCD;17;VILLAVERDE;94,21
2024;FEBRERO;3;RCD;18;VILLA DE VALLECAS;50,09
2024;FEBRERO;3;RESTO;2;ARGANZUELA;1522,58
2024;FEBRERO;3;RESTO;11;CARABANCHEL;3501,88
2024;FEBRERO;3;RESTO;12;USERA;1401,72
2024;FEBRERO;3;RESTO;13;PUENTE DE VALLECAS;3034,16
2024;FEBRERO;3;RESTO;17;VILLAVERDE;2223,04
2024;FEBRERO;3;RESTO;18;VILLA DE VALLECAS;2205,5
2024;FEBRERO;3;ROPA;2;ARGANZUELA;9,8
2024;FEBRERO;3;ROPA;11;CARABANCHEL;8,865
2024;FEBRERO;3;ROPA;12;USERA;5,415
2024;FEBRERO;3;ROPA;13;PUENTE DE VALLECAS;10,105
2024;FEBRERO;3;ROPA;17;VILLAVERDE;8,535
2024;FEBRERO;3;ROPA;18;VILLA DE VALLECAS;7,25
2024;FEBRERO;3;VIDRIO;2;ARGANZUELA;166,48
2024;FEBRERO;3;VIDRIO;11;CARABANCHEL;181,54
2024;FEBRERO;3;VIDRIO;12;USERA;157,74
2024;FEBRERO;3;VIDRIO;13;PUENTE DE VALLECAS;185,26
2024;FEBRERO;3;VIDRIO;17;VILLAVERDE;186,18
2024;FEBRERO;3;VIDRIO;18;VILLA DE VALLECAS;172,76
2024;MARZO;1;CAMA DE CABALLO;9;MONCLOA - ARAVACA;126,085
2024;MARZO;1;CARTON COMERCIAL;1;CENTRO;248,22
2024;MARZO;1;CARTON COMERCIAL;6;TETUAN;67,7
2024;MARZO;1;CARTON COMERCIAL;7;CHAMBERI;98,02
2024;MARZO;1;CARTON COMERCIAL;8;FUENCARRAL - EL PARDO;27,58
2024;MARZO;1;CARTON COMERCIAL;10;LATINA;36,56
2024;MARZO;1;CLINICOS;1;CENTRO;179,12
2024;MARZO;1;CLINICOS;6;TETUAN;17,02
2024;MARZO;1;CLINICOS;8;FUENCARRAL - EL PARDO;310,08
2024;MARZO;1;CLINICOS;9;MONCLOA - ARAVACA;252,78
2024;MARZO;1;CLINICOS;10;LATINA;31,6
2024;MARZO;1;CONTENEDORES DE ROPA;8;FUENCARRAL - EL PARDO;0,54
2024;MARZO;1;CONTENEDORES DE ROPA;9;MONCLOA - ARAVACA;0,18
2024;MARZO;1;ENVASES;1;CENTRO;327,84
2024;MARZO;1;ENVASES;6;TETUAN;481,18
2024;MARZO;1;ENVASES;7;CHAMBERI;504,04
2024;MARZO;1;ENVASES;8;FUENCARRAL - EL PARDO;709
2024;MARZO;1;ENVASES;9;MONCLOA - ARAVACA;451,64
2024;MARZO;1;ENVASES;10;LATINA;728,6
2024;MARZO;1;ORGANICA;1;CENTRO;2250,26
2024;MARZO;1;ORGANICA;6;TETUAN;1090,46
2024;MARZO;1;ORGANICA;7;CHAMBERI;1134,4
2024;MARZO;1;ORGANICA;8;FUENCARRAL - EL PARDO;1594,4
2024;MARZO;1;ORGANICA;9;MONCLOA - ARAVACA;1101,6
2024;MARZO;1;ORGANICA;10;LATINA;1404,52
2024;MARZO;1;PAPEL-CARTON;1;CENTRO;498,98
2024;MARZO;1;PAPEL-CARTON;6;TETUAN;393,32
2024;MARZO;1;PAPEL-CARTON;7;CHAMBERI;288,98
2024;MARZO;1;PAPEL-CARTON;8;FUENCARRAL - EL PARDO;657,46
2024;MARZO;1;PAPEL-CARTON;9;MONCLOA - ARAVACA;284,58
2024;MARZO;1;PAPEL-CARTON;10;LATINA;343,88
2024;MARZO;1;PILAS;1;CENTRO;0,107370299
2024;MARZO;1;PILAS;6;TETUAN;0,126339939
2024;MARZO;1;PILAS;7;CHAMBERI;0,083538329
2024;MARZO;1;PILAS;8;FUENCARRAL - EL PARDO;0,131152253
2024;MARZO;1;PILAS;9;MONCLOA - ARAVACA;0,0818616
2024;MARZO;1;PILAS;10;LATINA;0,154087295
2024;MARZO;1;PUNTOS LIMPIOS;8;FUENCARRAL - EL PARDO;149,7
2024;MARZO;1;PUNTOS LIMPIOS;9;MONCLOA - ARAVACA;51,78
2024;MARZO;1;PUNTOS LIMPIOS;10;LATINA;98,78
2024;MARZO;1;RCD;1;CENTRO;140,215
2024;MARZO;1;RCD;6;TETUAN;18,445
2024;MARZO;1;RCD;7;CHAMBERI;44,86
2024;MARZO;1;RCD;8;FUENCARRAL - EL PARDO;135,675
2024;MARZO;1;RCD;9;MONCLOA - ARAVACA;84,35
2024;MARZO;1;RCD;10;LATINA;61,935
2024;MARZO;1;RESTO;1;CENTRO;3249,86
2024;MARZO;1;RESTO;6;TETUAN;2165,68
2024;MARZO;1;RESTO;7;CHAMBERI;1643,66
2024;MARZO;1;RESTO;8;FUENCARRAL - EL PARDO;2909,02
2024;MARZO;1;RESTO;9;MONCLOA - ARAVACA;1887,76
2024;MARZO;1;RESTO;10;LATINA;2829,8
2024;MARZO;1;ROPA;1;CENTRO;13,02
2024;MARZO;1;ROPA;6;TETUAN;9,695
2024;MARZO;1;ROPA;7;CHAMBERI;15,84
2024;MARZO;1;ROPA;8;FUENCARRAL - EL PARDO;13,97
2024;MARZO;1;ROPA;9;MONCLOA - ARAVACA;10,465
2024;MARZO;1;ROPA;10;LATINA;24,375
2024;MARZO;1;VIDRIO;1;CENTRO;683,42
2024;MARZO;1;VIDRIO;6;TETUAN;236,92
2024;MARZO;1;VIDRIO;7;CHAMBERI;434,96
2024;MARZO;1;VIDRIO;8;FUENCARRAL - EL PARDO;194
2024;MARZO;1;VIDRIO;9;MONCLOA - ARAVACA;242,68
2024;MARZO;1;VIDRIO;10;LATINA;224,68
2024;MARZO;1;VIDRIO COMERCIAL;1;CENTRO;123,8
2024;MARZO;2;CARTON COMERCIAL;3;RETIRO;47,34
2024;MARZO;2;CARTON COMERCIAL;4;SALAMANCA;50,48
2024;MARZO;2;CARTON COMERCIAL;5;CHAMARTIN;51,28
2024;MARZO;2;CARTON COMERCIAL;14;MORATALAZ;33,54
2024;MARZO;2;CARTON COMERCIAL;15;CIUDAD LINEAL;45,7
2024;MARZO;2;CARTON COMERCIAL;16;HORTALEZA;51,4
2024;MARZO;2;CARTON COMERCIAL;19;VICALVARO;32,76
2024;MARZO;2;CARTON COMERCIAL;21;BARAJAS;35,14
2024;MARZO;2;CLINICOS;3;RETIRO;180,72
2024;MARZO;2;CLINICOS;4;SALAMANCA;122,82
2024;MARZO;2;CLINICOS;15;CIUDAD LINEAL;131,6
2024;MARZO;2;CONTENEDORES DE ROPA;19;VICALVARO;0,36
2024;MARZO;2;CONTENEDORES DE ROPA;20;SAN BLAS - CANILLEJAS;0,54
2024;MARZO;2;ENVASES;3;RETIRO;336,54
2024;MARZO;2;ENVASES;4;SALAMANCA;505,8
2024;MARZO;2;ENVASES;5;CHAMARTIN;470,78
2024;MARZO;2;ENVASES;14;MORATALAZ;253,74
2024;MARZO;2;ENVASES;15;CIUDAD LINEAL;744,02
2024;MARZO;2;ENVASES;16;HORTALEZA;659,82
2024;MARZO;2;ENVASES;19;VICALVARO;312,64
2024;MARZO;2;ENVASES;20;SAN BLAS - CANILLEJAS;532,56
2024;MARZO;2;ENVASES;21;BARAJAS;149,74
2024;MARZO;2;ORGANICA;3;RETIRO;923,38
2024;MARZO;2;ORGANICA;4;SALAMANCA;1563,14
2024;MARZO;2;ORGANICA;5;CHAMARTIN;1277,74
2024;MARZO;2;ORGANICA;14;MORATALAZ;373,84
2024;MARZO;2;ORGANICA;15;CIUDAD LINEAL;1105,8
2024;MARZO;2;ORGANICA;16;HORTALEZA;1175,5
2024;MARZO;2;ORGANICA;19;VICALVARO;802,14
2024;MARZO;2;ORGANICA;20;SAN BLAS - CANILLEJAS;1017,12
2024;MARZO;2;ORGANICA;21;BARAJAS;463,66
2024;MARZO;2;PAPEL-CARTON;3;RETIRO;269,6
2024;MARZO;2;PAPEL-CARTON;4;SALAMANCA;547,7
2024;MARZO;2;PAPEL-CARTON;5;CHAMARTIN;330,9
2024;MARZO;2;PAPEL-CARTON;14;MORATALAZ;190,46
2024;MARZO;2;PAPEL-CARTON;15;CIUDAD LINEAL;346,12
2024;MARZO;2;PAPEL-CARTON;16;HORTALEZA;425,56
2024;MARZO;2;PAPEL-CARTON;19;VICALVARO;76,32
2024;MARZO;2;PAPEL-CARTON;20;SAN BLAS - CANILLEJAS;349,9
2024;MARZO;2;PAPEL-CARTON;21;BARAJAS;87,14
2024;MARZO;2;PILAS;3;RETIRO;0,03831446
2024;MARZO;2;PILAS;4;SALAMANCA;0,09330021
2024;MARZO;2;PILAS;5;CHAMARTIN;0,103696223
2024;MARZO;2;PILAS;14;MORATALAZ;0,050903964
2024;MARZO;2;PILAS;15;CIUDAD LINEAL;0,090446135
2024;MARZO;2;PILAS;16;HORTALEZA;0,176653443
2024;MARZO;2;PILAS;19;VICALVARO;0,075557672
2024;MARZO;2;PILAS;20;SAN BLAS - CANILLEJAS;0,080563726
2024;MARZO;2;PILAS;21;BARAJAS;0,083068867
2024;MARZO;2;PUNTOS LIMPIOS;3;RETIRO;2,5
2024;MARZO;2;PUNTOS LIMPIOS;5;CHAMARTIN;95,52
2024;MARZO;2;PUNTOS LIMPIOS;14;MORATALAZ;54,74
2024;MARZO;2;PUNTOS LIMPIOS;15;CIUDAD LINEAL;61,64
2024;MARZO;2;PUNTOS LIMPIOS;16;HORTALEZA;73,92
2024;MARZO;2;PUNTOS LIMPIOS;19;VICALVARO;32,62
2024;MARZO;2;PUNTOS LIMPIOS;20;SAN BLAS - CANILLEJAS;52,44
2024;MARZO;2;PUNTOS LIMPIOS;21;BARAJAS;43,24
2024;MARZO;2;RCD;3;RETIRO;39,07
2024;MARZO;2;RCD;4;SALAMANCA;45,69
2024;MARZO;2;RCD;5;CHAMARTIN;132,01
2024;MARZO;2;RCD;14;MORATALAZ;74,55
2024;MARZO;2;RCD;15;CIUDAD LINEAL;96,32
2024;MARZO;2;RCD;16;HORTALEZA;68,28
2024;MARZO;2;RCD;19;VICALVARO;48,98
2024;MARZO;2;RCD;20;SAN BLAS - CANILLEJAS;76,44
2024;MARZO;2;RCD;21;BARAJAS;41,73
2024;MARZO;2;RESTO;3;RETIRO;1091,62
2024;MARZO;2;RESTO;4;SALAMANCA;1544,94
2024;MARZO;2;RESTO;5;CHAMARTIN;1613,74
2024;MARZO;2;RESTO;14;MORATALAZ;976,2
2024;MARZO;2;RESTO;15;CIUDAD LINEAL;2504,1
2024;MARZO;2;RESTO;16;HORTALEZA;2126,6
2024;MARZO;2;RESTO;19;VICALVARO;1490,9
2024;MARZO;2;RESTO;20;SAN BLAS - CANILLEJAS;2062,74
2024;MARZO;2;RESTO;21;BARAJAS;751,44
2024;MARZO;2;ROPA;3;RETIRO;6,22
2024;MARZO;2;ROPA;4;SALAMANCA;7,63
2024;MARZO;2;ROPA;5;CHAMARTIN;18,65
2024;MARZO;2;ROPA;14;MORATALAZ;4,95
2024;MARZO;2;ROPA;15;CIUDAD LINEAL;7,23
2024;MARZO;2;ROPA;16;HORTALEZA;7,5
2024;MARZO;2;ROPA;19;VICALVARO;3,89
2024;MARZO;2;ROPA;20;SAN BLAS - CANILLEJAS;7,66
2024;MARZO;2;ROPA;21;BARAJAS;5,79
2024;MARZO;2;VIDRIO;3;RETIRO;437,56
2024;MARZO;2;VIDRIO;4;SALAMANCA;356,24
2024;MARZO;2;VIDRIO;5;CHAMARTIN;216,02
2024;MARZO;2;VIDRIO;14;MORATALAZ;254,92
2024;MARZO;2;VIDRIO;15;CIUDAD LINEAL;174,48
2024;MARZO;2;VIDRIO;16;HORTALEZA;160,78
2024;MARZO;2;VIDRIO;19;VICALVARO;158,84
2024;MARZO;2;VIDRIO;20;SAN BLAS - CANILLEJAS;184,24
2024;MARZO;2;VIDRIO;21;BARAJAS;129,18
2024;MARZO;2;VIDRIO COMERCIAL;4;SALAMANCA;140,2
2024;MARZO;3;ANIMALES MUERTOS;99;SIN DISTRITO;12,1
2024;MARZO;3;CARTON COMERCIAL;2;ARGANZUELA;45,48
2024;MARZO;3;CARTON COMERCIAL;11;CARABANCHEL;45,68
2024;MARZO;3;CARTON COMERCIAL;12;USERA;35,28
2024;MARZO;3;CARTON COMERCIAL;13;PUENTE DE VALLECAS;43,42
2024;MARZO;3;CARTON COMERCIAL;17;VILLAVERDE;25,9
2024;MARZO;3;CARTON COMERCIAL;18;VILLA DE VALLECAS;24,42
2024;MARZO;3;CLINICOS;12;USERA;173,44
2024;MARZO;3;CLINICOS;13;PUENTE DE VALLECAS;36,34
2024;MARZO;3;ENVASES;2;ARGANZUELA;482,24
2024;MARZO;3;ENVASES;11;CARABANCHEL;1081,38
2024;MARZO;3;ENVASES;12;USERA;471,82
2024;MARZO;3;ENVASES;13;PUENTE DE VALLECAS;892,86
2024;MARZO;3;ENVASES;17;VILLAVERDE;466,86
2024;MARZO;3;ENVASES;18;VILLA DE VALLECAS;375,68
2024;MARZO;3;ORGANICA;2;ARGANZUELA;784,28
2024;MARZO;3;ORGANICA;11;CARABANCHEL;1601,86
2024;MARZO;3;ORGANICA;12;USERA;934,48
2024;MARZO;3;ORGANICA;13;PUENTE DE VALLECAS;1605,58
2024;MARZO;3;ORGANICA;17;VILLAVERDE;1201,28
2024;MARZO;3;ORGANICA;18;VILLA DE VALLECAS;1676,34
2024;MARZO;3;PAPEL-CARTON;2;ARGANZUELA;356,2
2024;MARZO;3;PAPEL-CARTON;11;CARABANCHEL;312,12
2024;MARZO;3;PAPEL-CARTON;12;USERA;191,94
2024;MARZO;3;PAPEL-CARTON;13;PUENTE DE VALLECAS;267,04
2024;MARZO;3;PAPEL-CARTON;17;VILLAVERDE;218,84
2024;MARZO;3;PAPEL-CARTON;18;VILLA DE VALLECAS;178,42
2024;MARZO;3;PILAS;2;ARGANZUELA;0,085442805
2024;MARZO;3;PILAS;11;CARABANCHEL;0,151900319
2024;MARZO;3;PILAS;12;USERA;0,13117426
2024;MARZO;3;PILAS;13;PUENTE DE VALLECAS;0,080478438
2024;MARZO;3;PILAS;17;VILLAVERDE;0,073363766
2024;MARZO;3;PILAS;18;VILLA DE VALLECAS;0,040255575
2024;MARZO;3;PUNTOS LIMPIOS;2;ARGANZUELA;72,06
2024;MARZO;3;PUNTOS LIMPIOS;11;CARABANCHEL;44,62
2024;MARZO;3;PUNTOS LIMPIOS;12;USERA;50,46
2024;MARZO;3;PUNTOS LIMPIOS;13;PUENTE DE VALLECAS;42,84
2024;MARZO;3;PUNTOS LIMPIOS;17;VILLAVERDE;58,36
2024;MARZO;3;PUNTOS LIMPIOS;18;VILLA DE VALLECAS;86,64
2024;MARZO;3;RCD;2;ARGANZUELA;42,03
2024;MARZO;3;RCD;11;CARABANCHEL;61,42
2024;MARZO;3;RCD;12;USERA;75,42
2024;MARZO;3;RCD;13;PUENTE DE VALLECAS;64,57
2024;MARZO;3;RCD;17;VILLAVERDE;66,21
2024;MARZO;3;RCD;18;VILLA DE VALLECAS;81,78
2024;MARZO;3;RESTO;2;ARGANZUELA;1537,94
2024;MARZO;3;RESTO;11;CARABANCHEL;3570,74
2024;MARZO;3;RESTO;12;USERA;1493,2
2024;MARZO;3;RESTO;13;PUENTE DE VALLECAS;3133,16
2024;MARZO;3;RESTO;17;VILLAVERDE;2256,56
2024;MARZO;3;RESTO;18;VILLA DE VALLECAS;2125,52
2024;MARZO;3;ROPA;2;ARGANZUELA;14,58
2024;MARZO;3;ROPA;11;CARABANCHEL;4,465
2024;MARZO;3;ROPA;12;USERA;10,315
2024;MARZO;3;ROPA;13;PUENTE DE VALLECAS;6,325
2024;MARZO;3;ROPA;17;VILLAVERDE;7,605
2024;MARZO;3;ROPA;18;VILLA DE VALLECAS;11,88
2024;MARZO;3;VIDRIO;2;ARGANZUELA;238,86
2024;MARZO;3;VIDRIO;11;CARABANCHEL;184,32
2024;MARZO;3;VIDRIO;12;USERA;144,48
2024;MARZO;3;VIDRIO;13;PUENTE DE VALLECAS;164,52
2024;MARZO;3;VIDRIO;17;VILLAVERDE;185,9
2024;MARZO;3;VIDRIO;18;VILLA DE VALLECAS;125,06
2024;ABRIL;1;CAMA DE CABALLO;9;MONCLOA - ARAVACA;152,19
2024;ABRIL;1;CARTON COMERCIAL;1;CENTRO;242,06
2024;ABRIL;1;CARTON COMERCIAL;6;TETUAN;55,6
2024;ABRIL;1;CARTON COMERCIAL;7;CHAMBERI;94,62
2024;ABRIL;1;CARTON COMERCIAL;8;FUENCARRAL - EL PARDO;29
2024;ABRIL;1;CARTON COMERCIAL;10;LATINA;39,32
2024;ABRIL;1;CLINICOS;1;CENTRO;197,96
2024;ABRIL;1;CLINICOS;6;TETUAN;14,58
2024;ABRIL;1;CLINICOS;8;FUENCARRAL - EL PARDO;317,38
2024;ABRIL;1;CLINICOS;9;MONCLOA - ARAVACA;249,8
2024;ABRIL;1;CLINICOS;10;LATINA;30,72
2024;ABRIL;1;CONTENEDORES DE ROPA;9;MONCLOA - ARAVACA;0,36
2024;ABRIL;1;ENVASES;1;CENTRO;333,4
2024;ABRIL;1;ENVASES;6;TETUAN;470,8
2024;ABRIL;1;ENVASES;7;CHAMBERI;519,36
2024;ABRIL;1;ENVASES;8;FUENCARRAL - EL PARDO;722,02
2024;ABRIL;1;ENVASES;9;MONCLOA - ARAVACA;465,24
2024;ABRIL;1;ENVASES;10;LATINA;707,72
2024;ABRIL;1;ORGANICA;1;CENTRO;2258,92
2024;ABRIL;1;ORGANICA;6;TETUAN;1105,2
2024;ABRIL;1;ORGANICA;7;CHAMBERI;1189,52
2024;ABRIL;1;ORGANICA;8;FUENCARRAL - EL PARDO;1779,5
2024;ABRIL;1;ORGANICA;9;MONCLOA - ARAVACA;1299,44
2024;ABRIL;1;ORGANICA;10;LATINA;1554,68
2024;ABRIL;1;PAPEL-CARTON;1;CENTRO;505,14
2024;ABRIL;1;PAPEL-CARTON;6;TETUAN;392,48
2024;ABRIL;1;PAPEL-CARTON;7;CHAMBERI;278,14
2024;ABRIL;1;PAPEL-CARTON;8;FUENCARRAL - EL PARDO;649,08
2024;ABRIL;1;PAPEL-CARTON;9;MONCLOA - ARAVACA;295,6
2024;ABRIL;1;PAPEL-CARTON;10;LATINA;330,5
2024;ABRIL;1;PILAS;1;CENTRO;0,117361794
2024;ABRIL;1;PILAS;6;TETUAN;0,138914807
2024;ABRIL;1;PILAS;7;CHAMBERI;0,090315906
2024;ABRIL;1;PILAS;8;FUENCARRAL - EL PARDO;0,143273592
2024;ABRIL;1;PILAS;9;MONCLOA - ARAVACA;0,089410429
2024;ABRIL;1;PILAS;10;LATINA;0,166735438
2024;ABRIL;1;PUNTOS LIMPIOS;8;FUENCARRAL - EL PARDO;164,6
2024;ABRIL;1;PUNTOS LIMPIOS;9;MONCLOA - ARAVACA;50,56
2024;ABRIL;1;PUNTOS LIMPIOS;10;LATINA;123,42
2024;ABRIL;1;RCD;1;CENTRO;172,33
2024;ABRIL;1;RCD;6;TETUAN;61,08
2024;ABRIL;1;RCD;7;CHAMBERI;75,23
2024;ABRIL;1;RCD;8;FUENCARRAL - EL PARDO;140,965
2024;ABRIL;1;RCD;9;MONCLOA - ARAVACA;82,23
2024;ABRIL;1;RCD;10;LATINA;65,005
2024;ABRIL;1;RESTO;1;CENTRO;3170,48
2024;ABRIL;1;RESTO;6;TETUAN;2234,12
2024;ABRIL;1;RESTO;7;CHAMBERI;1695,92
2024;ABRIL;1;RESTO;8;FUENCARRAL - EL PARDO;3127,36
2024;ABRIL;1;RESTO;9;MONCLOA - ARAVACA;2097,96
2024;ABRIL;1;RESTO;10;LATINA;2941,76
2024;ABRIL;1;ROPA;1;CENTRO;17,385
2024;ABRIL;1;ROPA;6;TETUAN;10,225
2024;ABRIL;1;ROPA;7;CHAMBERI;19,695
2024;ABRIL;1;ROPA;8;FUENCARRAL - EL PARDO;17,9
2024;ABRIL;1;ROPA;9;MONCLOA - ARAVACA;13,9
2024;ABRIL;1;ROPA;10;LATINA;29,755
2024;ABRIL;1;VIDRIO;1;CENTRO;691,22
2024;ABRIL;1;VIDRIO;6;TETUAN;274,52
2024;ABRIL;1;VIDRIO;7;CHAMBERI;360,12
2024;ABRIL;1;VIDRIO;8;FUENCARRAL - EL PARDO;206,82
2024;ABRIL;1;VIDRIO;9;MONCLOA - ARAVACA;300,08
2024;ABRIL;1;VIDRIO;10;LATINA;182,06
2024;ABRIL;1;VIDRIO COMERCIAL;1;CENTRO;132
2024;ABRIL;2;CARTON COMERCIAL;3;RETIRO;40,94
2024;ABRIL;2;CARTON COMERCIAL;4;SALAMANCA;52,5
2024;ABRIL;2;CARTON COMERCIAL;5;CHAMARTIN;57,62
2024;ABRIL;2;CARTON COMERCIAL;14;MORATALAZ;31,16
2024;ABRIL;2;CARTON COMERCIAL;15;CIUDAD LINEAL;48,06
2024;ABRIL;2;CARTON COMERCIAL;16;HORTALEZA;49,28
2024;ABRIL;2;CARTON COMERCIAL;19;VICALVARO;33,14
2024;ABRIL;2;CARTON COMERCIAL;20;SAN BLAS - CANILLEJAS;4,12
2024;ABRIL;2;CARTON COMERCIAL;21;BARAJAS;30,84
2024;ABRIL;2;CLINICOS;3;RETIRO;190,3
2024;ABRIL;2;CLINICOS;4;SALAMANCA;130,88
2024;ABRIL;2;CLINICOS;15;CIUDAD LINEAL;139,56
2024;ABRIL;2;ENVASES;3;RETIRO;342,06
2024;ABRIL;2;ENVASES;4;SALAMANCA;529,22
2024;ABRIL;2;ENVASES;5;CHAMARTIN;498,72
2024;ABRIL;2;ENVASES;14;MORATALAZ;227,3
2024;ABRIL;2;ENVASES;15;CIUDAD LINEAL;724,72
2024;ABRIL;2;ENVASES;16;HORTALEZA;665,76
2024;ABRIL;2;ENVASES;19;VICALVARO;308,44
2024;ABRIL;2;ENVASES;20;SAN BLAS - CANILLEJAS;532,3
2024;ABRIL;2;ENVASES;21;BARAJAS;158,72
2024;ABRIL;2;ORGANICA;3;RETIRO;959,5
2024;ABRIL;2;ORGANICA;4;SALAMANCA;1628,75
2024;ABRIL;2;ORGANICA;5;CHAMARTIN;1376,86
2024;ABRIL;2;ORGANICA;14;MORATALAZ;388,28
2024;ABRIL;2;ORGANICA;15;CIUDAD LINEAL;1187,6
2024;ABRIL;2;ORGANICA;16;HORTALEZA;1310,78
2024;ABRIL;2;ORGANICA;19;VICALVARO;869,14
2024;ABRIL;2;ORGANICA;20;SAN BLAS - CANILLEJAS;1048,6
2024;ABRIL;2;ORGANICA;21;BARAJAS;510,18
2024;ABRIL;2;PAPEL-CARTON;3;RETIRO;253,66
2024;ABRIL;2;PAPEL-CARTON;4;SALAMANCA;498,94
2024;ABRIL;2;PAPEL-CARTON;5;CHAMARTIN;310,8
2024;ABRIL;2;PAPEL-CARTON;14;MORATALAZ;228,12
2024;ABRIL;2;PAPEL-CARTON;15;CIUDAD LINEAL;338,46
2024;ABRIL;2;PAPEL-CARTON;16;HORTALEZA;417,36
2024;ABRIL;2;PAPEL-CARTON;19;VICALVARO;78,82
2024;ABRIL;2;PAPEL-CARTON;20;SAN BLAS - CANILLEJAS;396,78
2024;ABRIL;2;PAPEL-CARTON;21;BARAJAS;96,6
2024;ABRIL;2;PILAS;3;RETIRO;0,041645136
2024;ABRIL;2;PILAS;4;SALAMANCA;0,104665369
2024;ABRIL;2;PILAS;5;CHAMARTIN;0,112343939
2024;ABRIL;2;PILAS;14;MORATALAZ;0,054727594
2024;ABRIL;2;PILAS;15;CIUDAD LINEAL;0,097373757
2024;ABRIL;2;PILAS;16;HORTALEZA;0,193810992
2024;ABRIL;2;PILAS;19;VICALVARO;0,082659809
2024;ABRIL;2;PILAS;20;SAN BLAS - CANILLEJAS;0,088477958
2024;ABRIL;2;PILAS;21;BARAJAS;0,090419836
2024;ABRIL;2;PUNTOS LIMPIOS;3;RETIRO;0,96
2024;ABRIL;2;PUNTOS LIMPIOS;5;CHAMARTIN;108,68
2024;ABRIL;2;PUNTOS LIMPIOS;14;MORATALAZ;65,12
2024;ABRIL;2;PUNTOS LIMPIOS;15;CIUDAD LINEAL;75,7
2024;ABRIL;2;PUNTOS LIMPIOS;16;HORTALEZA;82,02
2024;ABRIL;2;PUNTOS LIMPIOS;19;VICALVARO;40,36
2024;ABRIL;2;PUNTOS LIMPIOS;20;SAN BLAS - CANILLEJAS;68,5
2024;ABRIL;2;PUNTOS LIMPIOS;21;BARAJAS;63,88
2024;ABRIL;2;RCD;3;RETIRO;35,5
2024;ABRIL;2;RCD;4;SALAMANCA;81,02
2024;ABRIL;2;RCD;5;CHAMARTIN;85
2024;ABRIL;2;RCD;14;MORATALAZ;80,24
2024;ABRIL;2;RCD;15;CIUDAD LINEAL;95,78
2024;ABRIL;2;RCD;16;HORTALEZA;63,94
2024;ABRIL;2;RCD;19;VICALVARO;68,52
2024;ABRIL;2;RCD;20;SAN BLAS - CANILLEJAS;77,4
2024;ABRIL;2;RCD;21;BARAJAS;69,2
2024;ABRIL;2;RESTO;3;RETIRO;1198,08
2024;ABRIL;2;RESTO;4;SALAMANCA;1636,68
2024;ABRIL;2;RESTO;5;CHAMARTIN;1681,66
2024;ABRIL;2;RESTO;14;MORATALAZ;1015,38
2024;ABRIL;2;RESTO;15;CIUDAD LINEAL;2597,12
2024;ABRIL;2;RESTO;16;HORTALEZA;2334,56
2024;ABRIL;2;RESTO;19;VICALVARO;1573,94
2024;ABRIL;2;RESTO;20;SAN BLAS - CANILLEJAS;2182,68
2024;ABRIL;2;RESTO;21;BARAJAS;797,22
2024;ABRIL;2;ROPA;3;RETIRO;6,82
2024;ABRIL;2;ROPA;4;SALAMANCA;13,04
2024;ABRIL;2;ROPA;5;CHAMARTIN;17,71
2024;ABRIL;2;ROPA;14;MORATALAZ;8,18
2024;ABRIL;2;ROPA;15;CIUDAD LINEAL;12,15
2024;ABRIL;2;ROPA;16;HORTALEZA;9,11
2024;ABRIL;2;ROPA;19;VICALVARO;8,31
2024;ABRIL;2;ROPA;20;SAN BLAS - CANILLEJAS;9
2024;ABRIL;2;ROPA;21;BARAJAS;6,14
2024;ABRIL;2;VIDRIO;3;RETIRO;400,38
2024;ABRIL;2;VIDRIO;4;SALAMANCA;345
2024;ABRIL;2;VIDRIO;5;CHAMARTIN;186,66
2024;ABRIL;2;VIDRIO;14;MORATALAZ;212
2024;ABRIL;2;VIDRIO;15;CIUDAD LINEAL;149,06
2024;ABRIL;2;VIDRIO;16;HORTALEZA;146,3
2024;ABRIL;2;VIDRIO;19;VICALVARO;121,18
2024;ABRIL;2;VIDRIO;20;SAN BLAS - CANILLEJAS;189,22
2024;ABRIL;2;VIDRIO;21;BARAJAS;101,28
2024;ABRIL;2;VIDRIO COMERCIAL;4;SALAMANCA;140,48
2024;ABRIL;3;ANIMALES MUERTOS;99;SIN DISTRITO;9,08
2024;ABRIL;3;CARTON COMERCIAL;2;ARGANZUELA;48,18
2024;ABRIL;3;CARTON COMERCIAL;11;CARABANCHEL;46,48
2024;ABRIL;3;CARTON COMERCIAL;12;USERA;38,98
2024;ABRIL;3;CARTON COMERCIAL;13;PUENTE DE VALLECAS;47,82
2024;ABRIL;3;CARTON COMERCIAL;17;VILLAVERDE;29,72
2024;ABRIL;3;CARTON COMERCIAL;18;VILLA DE VALLECAS;27,66
2024;ABRIL;3;CLINICOS;12;USERA;165,5
2024;ABRIL;3;CLINICOS;13;PUENTE DE VALLECAS;39,32
2024;ABRIL;3;ENVASES;2;ARGANZUELA;483,22
2024;ABRIL;3;ENVASES;11;CARABANCHEL;1025,2
2024;ABRIL;3;ENVASES;12;USERA;476,1
2024;ABRIL;3;ENVASES;13;PUENTE DE VALLECAS;859,7
2024;ABRIL;3;ENVASES;17;VILLAVERDE;408,52
2024;ABRIL;3;ENVASES;18;VILLA DE VALLECAS;384,22
2024;ABRIL;3;ORGANICA;2;ARGANZUELA;740,42
2024;ABRIL;3;ORGANICA;11;CARABANCHEL;1653,94
2024;ABRIL;3;ORGANICA;12;USERA;966,08
2024;ABRIL;3;ORGANICA;13;PUENTE DE VALLECAS;1646,42
2024;ABRIL;3;ORGANICA;17;VILLAVERDE;1184,14
2024;ABRIL;3;ORGANICA;18;VILLA DE VALLECAS;1914,7
2024;ABRIL;3;PAPEL-CARTON;2;ARGANZUELA;364,36
2024;ABRIL;3;PAPEL-CARTON;11;CARABANCHEL;303,62
2024;ABRIL;3;PAPEL-CARTON;12;USERA;189,64
2024;ABRIL;3;PAPEL-CARTON;13;PUENTE DE VALLECAS;262,7
2024;ABRIL;3;PAPEL-CARTON;17;VILLAVERDE;196,48
2024;ABRIL;3;PAPEL-CARTON;18;VILLA DE VALLECAS;170,68
2024;ABRIL;3;PILAS;2;ARGANZUELA;0,093038437
2024;ABRIL;3;PILAS;11;CARABANCHEL;0,164723416
2024;ABRIL;3;PILAS;12;USERA;0,142122092
2024;ABRIL;3;PILAS;13;PUENTE DE VALLECAS;0,086813483
2024;ABRIL;3;PILAS;17;VILLAVERDE;0,079925549
2024;ABRIL;3;PILAS;18;VILLA DE VALLECAS;0,043910672
2024;ABRIL;3;PILAS;99;SIN DISTRITO;5,724
2024;ABRIL;3;PUNTOS LIMPIOS;2;ARGANZUELA;67,12
2024;ABRIL;3;PUNTOS LIMPIOS;11;CARABANCHEL;40,52
2024;ABRIL;3;PUNTOS LIMPIOS;12;USERA;47,4
2024;ABRIL;3;PUNTOS LIMPIOS;13;PUENTE DE VALLECAS;41,28
2024;ABRIL;3;PUNTOS LIMPIOS;17;VILLAVERDE;73,6
2024;ABRIL;3;PUNTOS LIMPIOS;18;VILLA DE VALLECAS;94,92
2024;ABRIL;3;RCD;2;ARGANZUELA;46,23
2024;ABRIL;3;RCD;11;CARABANCHEL;78,43
2024;ABRIL;3;RCD;12;USERA;77,19
2024;ABRIL;3;RCD;13;PUENTE DE VALLECAS;40,23
2024;ABRIL;3;RCD;17;VILLAVERDE;124,66
2024;ABRIL;3;RCD;18;VILLA DE VALLECAS;81,85
2024;ABRIL;3;RESTO;2;ARGANZUELA;1542,4
2024;ABRIL;3;RESTO;11;CARABANCHEL;3719,288
2024;ABRIL;3;RESTO;12;USERA;1484,58
2024;ABRIL;3;RESTO;13;PUENTE DE VALLECAS;3178,38
2024;ABRIL;3;RESTO;17;VILLAVERDE;2509,54
2024;ABRIL;3;RESTO;18;VILLA DE VALLECAS;2395,58
2024;ABRIL;3;ROPA;2;ARGANZUELA;12,14
2024;ABRIL;3;ROPA;11;CARABANCHEL;7,845
2024;ABRIL;3;ROPA;12;USERA;12,44
2024;ABRIL;3;ROPA;13;PUENTE DE VALLECAS;10,41
2024;ABRIL;3;ROPA;17;VILLAVERDE;9,085
2024;ABRIL;3;ROPA;18;VILLA DE VALLECAS;8,785
2024;ABRIL;3;VIDRIO;2;ARGANZUELA;285
2024;ABRIL;3;VIDRIO;11;CARABANCHEL;211,52
2024;ABRIL;3;VIDRIO;12;USERA;186,34
2024;ABRIL;3;VIDRIO;13;PUENTE DE VALLECAS;174,96
2024;ABRIL;3;VIDRIO;17;VILLAVERDE;179,1
2024;ABRIL;3;VIDRIO;18;VILLA DE VALLECAS;89,56
2024;MAYO;1;CAMA DE CABALLO;9;MONCLOA - ARAVACA;125,54
2024;MAYO;1;CARTON COMERCIAL;1;CENTRO;256,5
2024;MAYO;1;CARTON COMERCIAL;6;TETUAN;59,22
2024;MAYO;1;CARTON COMERCIAL;7;CHAMBERI;93,16
2024;MAYO;1;CARTON COMERCIAL;8;FUENCARRAL - EL PARDO;29,36
2024;MAYO;1;CARTON COMERCIAL;10;LATINA;39,64
2024;MAYO;1;CLINICOS;1;CENTRO;189,3
2024;MAYO;1;CLINICOS;6;TETUAN;12,96
2024;MAYO;1;CLINICOS;8;FUENCARRAL - EL PARDO;323,42
2024;MAYO;1;CLINICOS;9;MONCLOA - ARAVACA;244,36
2024;MAYO;1;CLINICOS;10;LATINA;31,86
2024;MAYO;1;CONTENEDORES DE ROPA;9;MONCLOA - ARAVACA;0,54
2024;MAYO;1;ENVASES;1;CENTRO;344,58
2024;MAYO;1;ENVASES;6;TETUAN;488,98
2024;MAYO;1;ENVASES;7;CHAMBERI;530,84
2024;MAYO;1;ENVASES;8;FUENCARRAL - EL PARDO;761,92
2024;MAYO;1;ENVASES;9;MONCLOA - ARAVACA;480,12
2024;MAYO;1;ENVASES;10;LATINA;702,42
2024;MAYO;1;ORGANICA;1;CENTRO;2360,06
2024;MAYO;1;ORGANICA;6;TETUAN;1173,78
2024;MAYO;1;ORGANICA;7;CHAMBERI;1222
2024;MAYO;1;ORGANICA;8;FUENCARRAL - EL PARDO;1872,32
2024;MAYO;1;ORGANICA;9;MONCLOA - ARAVACA;1320,94
2024;MAYO;1;ORGANICA;10;LATINA;1574
2024;MAYO;1;PAPEL-CARTON;1;CENTRO;461,64
2024;MAYO;1;PAPEL-CARTON;6;TETUAN;376,16
2024;MAYO;1;PAPEL-CARTON;7;CHAMBERI;320,12
2024;MAYO;1;PAPEL-CARTON;8;FUENCARRAL - EL PARDO;645,08
2024;MAYO;1;PAPEL-CARTON;9;MONCLOA - ARAVACA;246,2
2024;MAYO;1;PAPEL-CARTON;10;LATINA;328,48
2024;MAYO;1;PILAS;1;CENTRO;0,11565786
2024;MAYO;1;PILAS;6;TETUAN;0,137540997
2024;MAYO;1;PILAS;7;CHAMBERI;0,088698231
2024;MAYO;1;PILAS;8;FUENCARRAL - EL PARDO;0,140775043
2024;MAYO;1;PILAS;9;MONCLOA - ARAVACA;0,088167713
2024;MAYO;1;PILAS;10;LATINA;0,16211162
2024;MAYO;1;PUNTOS LIMPIOS;8;FUENCARRAL - EL PARDO;139,3
2024;MAYO;1;PUNTOS LIMPIOS;9;MONCLOA - ARAVACA;47,3
2024;MAYO;1;PUNTOS LIMPIOS;10;LATINA;87,98
2024;MAYO;1;RCD;1;CENTRO;155,33
2024;MAYO;1;RCD;6;TETUAN;21,6
2024;MAYO;1;RCD;7;CHAMBERI;61,95
2024;MAYO;1;RCD;8;FUENCARRAL - EL PARDO;117,645
2024;MAYO;1;RCD;9;MONCLOA - ARAVACA;85,265
2024;MAYO;1;RCD;10;LATINA;59,215
2024;MAYO;1;RESTO;1;CENTRO;3284,46
2024;MAYO;1;RESTO;6;TETUAN;2126,32
2024;MAYO;1;RESTO;7;CHAMBERI;1632
2024;MAYO;1;RESTO;8;FUENCARRAL - EL PARDO;2884,76
2024;MAYO;1;RESTO;9;MONCLOA - ARAVACA;2065,52
2024;MAYO;1;RESTO;10;LATINA;2892,76
2024;MAYO;1;ROPA;1;CENTRO;18,825
2024;MAYO;1;ROPA;6;TETUAN;14,348
2024;MAYO;1;ROPA;7;CHAMBERI;21,661
2024;MAYO;1;ROPA;8;FUENCARRAL - EL PARDO;18,286
2024;MAYO;1;ROPA;9;MONCLOA - ARAVACA;11,946
2024;MAYO;1;ROPA;10;LATINA;27,901
2024;MAYO;1;VIDRIO;1;CENTRO;619,24
2024;MAYO;1;VIDRIO;6;TETUAN;284,64
2024;MAYO;1;VIDRIO;7;CHAMBERI;355,3
2024;MAYO;1;VIDRIO;8;FUENCARRAL - EL PARDO;218,82
2024;MAYO;1;VIDRIO;9;MONCLOA - ARAVACA;323,08
2024;MAYO;1;VIDRIO;10;LATINA;226,82
2024;MAYO;1;VIDRIO COMERCIAL;1;CENTRO;134,56
2024;MAYO;2;CARTON COMERCIAL;3;RETIRO;44,14
2024;MAYO;2;CARTON COMERCIAL;4;SALAMANCA;64,12
2024;MAYO;2;CARTON COMERCIAL;5;CHAMARTIN;48,92
2024;MAYO;2;CARTON COMERCIAL;14;MORATALAZ;32,24
2024;MAYO;2;CARTON COMERCIAL;15;CIUDAD LINEAL;44,26
2024;MAYO;2;CARTON COMERCIAL;16;HORTALEZA;50,02
2024;MAYO;2;CARTON COMERCIAL;19;VICALVARO;41,28
2024;MAYO;2;CARTON COMERCIAL;20;SAN BLAS - CANILLEJAS;15,48
2024;MAYO;2;CARTON COMERCIAL;21;BARAJAS;23,14
2024;MAYO;2;CLINICOS;3;RETIRO;190,96
2024;MAYO;2;CLINICOS;4;SALAMANCA;122,86
2024;MAYO;2;CLINICOS;15;CIUDAD LINEAL;140,78
2024;MAYO;2;CONTENEDORES DE ROPA;19;VICALVARO;0,18
2024;MAYO;2;ENVASES;3;RETIRO;354,76
2024;MAYO;2;ENVASES;4;SALAMANCA;546,14
2024;MAYO;2;ENVASES;5;CHAMARTIN;504,26
2024;MAYO;2;ENVASES;14;MORATALAZ;249,66
2024;MAYO;2;ENVASES;15;CIUDAD LINEAL;754,54
2024;MAYO;2;ENVASES;16;HORTALEZA;661,06
2024;MAYO;2;ENVASES;19;VICALVARO;310,5
2024;MAYO;2;ENVASES;20;SAN BLAS - CANILLEJAS;550,26
2024;MAYO;2;ENVASES;21;BARAJAS;163,64
2024;MAYO;2;ORGANICA;3;RETIRO;973,28
2024;MAYO;2;ORGANICA;4;SALAMANCA;1700,22
2024;MAYO;2;ORGANICA;5;CHAMARTIN;1390,02
2024;MAYO;2;ORGANICA;14;MORATALAZ;386,88
2024;MAYO;2;ORGANICA;15;CIUDAD LINEAL;1235,42
2024;MAYO;2;ORGANICA;16;HORTALEZA;1317,56
2024;MAYO;2;ORGANICA;19;VICALVARO;892,84
2024;MAYO;2;ORGANICA;20;SAN BLAS - CANILLEJAS;1078,74
2024;MAYO;2;ORGANICA;21;BARAJAS;519,28
2024;MAYO;2;PAPEL-CARTON;3;RETIRO;265,2
2024;MAYO;2;PAPEL-CARTON;4;SALAMANCA;460,56
2024;MAYO;2;PAPEL-CARTON;5;CHAMARTIN;325,7
2024;MAYO;2;PAPEL-CARTON;14;MORATALAZ;319,32
2024;MAYO;2;PAPEL-CARTON;15;CIUDAD LINEAL;351,96
2024;MAYO;2;PAPEL-CARTON;16;HORTALEZA;405,82
2024;MAYO;2;PAPEL-CARTON;19;VICALVARO;75,26
2024;MAYO;2;PAPEL-CARTON;20;SAN BLAS - CANILLEJAS;300,28
2024;MAYO;2;PAPEL-CARTON;21;BARAJAS;105,16
2024;MAYO;2;PILAS;3;RETIRO;0,040783745
2024;MAYO;2;PILAS;4;SALAMANCA;0,101486297
2024;MAYO;2;PILAS;5;CHAMARTIN;0,109245882
2024;MAYO;2;PILAS;14;MORATALAZ;0,052945433
2024;MAYO;2;PILAS;15;CIUDAD LINEAL;0,094221959
2024;MAYO;2;PILAS;16;HORTALEZA;0,190922397
2024;MAYO;2;PILAS;19;VICALVARO;0,081581103
2024;MAYO;2;PILAS;20;SAN BLAS - CANILLEJAS;0,087390768
2024;MAYO;2;PILAS;21;BARAJAS;0,088659206
2024;MAYO;2;PUNTOS LIMPIOS;3;RETIRO;3,24
2024;MAYO;2;PUNTOS LIMPIOS;5;CHAMARTIN;101,68
2024;MAYO;2;PUNTOS LIMPIOS;14;MORATALAZ;70,8
2024;MAYO;2;PUNTOS LIMPIOS;15;CIUDAD LINEAL;73,2
2024;MAYO;2;PUNTOS LIMPIOS;16;HORTALEZA;86,36
2024;MAYO;2;PUNTOS LIMPIOS;19;VICALVARO;34,74
2024;MAYO;2;PUNTOS LIMPIOS;20;SAN BLAS - CANILLEJAS;76,68
2024;MAYO;2;PUNTOS LIMPIOS;21;BARAJAS;37,18
2024;MAYO;2;RCD;3;RETIRO;62,84
2024;MAYO;2;RCD;4;SALAMANCA;65,46
2024;MAYO;2;RCD;5;CHAMARTIN;130,96
2024;MAYO;2;RCD;14;MORATALAZ;64,62
2024;MAYO;2;RCD;15;CIUDAD LINEAL;96,44
2024;MAYO;2;RCD;16;HORTALEZA;121,82
2024;MAYO;2;RCD;19;VICALVARO;67,96
2024;MAYO;2;RCD;20;SAN BLAS - CANILLEJAS;78,04
2024;MAYO;2;RCD;21;BARAJAS;48,26
2024;MAYO;2;RESTO;3;RETIRO;1168,44
2024;MAYO;2;RESTO;4;SALAMANCA;1585,98
2024;MAYO;2;RESTO;5;CHAMARTIN;1588,88
2024;MAYO;2;RESTO;14;MORATALAZ;1007,6
2024;MAYO;2;RESTO;15;CIUDAD LINEAL;2552,6
2024;MAYO;2;RESTO;16;HORTALEZA;2229,94
2024;MAYO;2;RESTO;19;VICALVARO;1584,86
2024;MAYO;2;RESTO;20;SAN BLAS - CANILLEJAS;2116,74
2024;MAYO;2;RESTO;21;BARAJAS;771,94
2024;MAYO;2;ROPA;3;RETIRO;8,23
2024;MAYO;2;ROPA;4;SALAMANCA;16,69
2024;MAYO;2;ROPA;5;CHAMARTIN;15,98
2024;MAYO;2;ROPA;14;MORATALAZ;8,38
2024;MAYO;2;ROPA;15;CIUDAD LINEAL;13,1
2024;MAYO;2;ROPA;16;HORTALEZA;10,56
2024;MAYO;2;ROPA;19;VICALVARO;8,11
2024;MAYO;2;ROPA;20;SAN BLAS - CANILLEJAS;13,13
2024;MAYO;2;ROPA;21;BARAJAS;8,44
2024;MAYO;2;VIDRIO;3;RETIRO;142,9
2024;MAYO;2;VIDRIO;4;SALAMANCA;424,08
2024;MAYO;2;VIDRIO;5;CHAMARTIN;233
2024;MAYO;2;VIDRIO;14;MORATALAZ;208,42
2024;MAYO;2;VIDRIO;15;CIUDAD LINEAL;147,48
2024;MAYO;2;VIDRIO;16;HORTALEZA;158,66
2024;MAYO;2;VIDRIO;19;VICALVARO;129,68
2024;MAYO;2;VIDRIO;20;SAN BLAS - CANILLEJAS;356,12
2024;MAYO;2;VIDRIO;21;BARAJAS;117,92
2024;MAYO;2;VIDRIO COMERCIAL;4;SALAMANCA;151,36
2024;MAYO;3;ANIMALES MUERTOS;99;SIN DISTRITO;8,3
2024;MAYO;3;CARTON COMERCIAL;2;ARGANZUELA;46,52
2024;MAYO;3;CARTON COMERCIAL;11;CARABANCHEL;44
2024;MAYO;3;CARTON COMERCIAL;12;USERA;41,78
2024;MAYO;3;CARTON COMERCIAL;13;PUENTE DE VALLECAS;48,2
2024;MAYO;3;CARTON COMERCIAL;17;VILLAVERDE;26,36
2024;MAYO;3;CARTON COMERCIAL;18;VILLA DE VALLECAS;19,36
2024;MAYO;3;CLINICOS;12;USERA;164,7
2024;MAYO;3;CLINICOS;13;PUENTE DE VALLECAS;36,34
2024;MAYO;3;ENVASES;2;ARGANZUELA;506,62
2024;MAYO;3;ENVASES;11;CARABANCHEL;1119,64
2024;MAYO;3;ENVASES;12;USERA;489,18
2024;MAYO;3;ENVASES;13;PUENTE DE VALLECAS;882,02
2024;MAYO;3;ENVASES;17;VILLAVERDE;439,22
2024;MAYO;3;ENVASES;18;VILLA DE VALLECAS;403,58
2024;MAYO;3;ORGANICA;2;ARGANZUELA;775,96
2024;MAYO;3;ORGANICA;11;CARABANCHEL;1807,36
2024;MAYO;3;ORGANICA;12;USERA;1054,98
2024;MAYO;3;ORGANICA;13;PUENTE DE VALLECAS;1690,92
2024;MAYO;3;ORGANICA;17;VILLAVERDE;1225,06
2024;MAYO;3;ORGANICA;18;VILLA DE VALLECAS;1874,76
2024;MAYO;3;PAPEL-CARTON;2;ARGANZUELA;365,6
2024;MAYO;3;PAPEL-CARTON;11;CARABANCHEL;306,82
2024;MAYO;3;PAPEL-CARTON;12;USERA;182,84
2024;MAYO;3;PAPEL-CARTON;13;PUENTE DE VALLECAS;256,16
2024;MAYO;3;PAPEL-CARTON;17;VILLAVERDE;196,62
2024;MAYO;3;PAPEL-CARTON;18;VILLA DE VALLECAS;185,9
2024;MAYO;3;PILAS;2;ARGANZUELA;0,091088288
2024;MAYO;3;PILAS;11;CARABANCHEL;0,160152302
2024;MAYO;3;PILAS;12;USERA;0,13831938
2024;MAYO;3;PILAS;13;PUENTE DE VALLECAS;0,084020762
2024;MAYO;3;PILAS;17;VILLAVERDE;0,078368649
2024;MAYO;3;PILAS;18;VILLA DE VALLECAS;0,04314148
2024;MAYO;3;PUNTOS LIMPIOS;2;ARGANZUELA;56,38
2024;MAYO;3;PUNTOS LIMPIOS;11;CARABANCHEL;44,66
2024;MAYO;3;PUNTOS LIMPIOS;12;USERA;47,82
2024;MAYO;3;PUNTOS LIMPIOS;13;PUENTE DE VALLECAS;42,02
2024;MAYO;3;PUNTOS LIMPIOS;17;VILLAVERDE;56,58
2024;MAYO;3;PUNTOS LIMPIOS;18;VILLA DE VALLECAS;79,44
2024;MAYO;3;RCD;2;ARGANZUELA;48,01
2024;MAYO;3;RCD;11;CARABANCHEL;46,99
2024;MAYO;3;RCD;12;USERA;71,42
2024;MAYO;3;RCD;13;PUENTE DE VALLECAS;42,76
2024;MAYO;3;RCD;17;VILLAVERDE;90,9
2024;MAYO;3;RCD;18;VILLA DE VALLECAS;104,51
2024;MAYO;3;RESTO;2;ARGANZUELA;1521,18
2024;MAYO;3;RESTO;11;CARABANCHEL;3590,38
2024;MAYO;3;RESTO;12;USERA;1409,84
2024;MAYO;3;RESTO;13;PUENTE DE VALLECAS;3061,02
2024;MAYO;3;RESTO;17;VILLAVERDE;2448,98
2024;MAYO;3;RESTO;18;VILLA DE VALLECAS;2307,32
2024;MAYO;3;ROPA;2;ARGANZUELA;11,166
2024;MAYO;3;ROPA;11;CARABANCHEL;10,176
2024;MAYO;3;ROPA;12;USERA;13,851
2024;MAYO;3;ROPA;13;PUENTE DE VALLECAS;8,843
2024;MAYO;3;ROPA;17;VILLAVERDE;9,653
2024;MAYO;3;ROPA;18;VILLA DE VALLECAS;12,531
2024;MAYO;3;VIDRIO;2;ARGANZUELA;273
2024;MAYO;3;VIDRIO;11;CARABANCHEL;189,3
2024;MAYO;3;VIDRIO;12;USERA;184,06
2024;MAYO;3;VIDRIO;13;PUENTE DE VALLECAS;185,5
2024;MAYO;3;VIDRIO;17;VILLAVERDE;210,22
2024;MAYO;3;VIDRIO;18;VILLA DE VALLECAS;98,92
2024;JUNIO;1;CAMA DE CABALLO;9;MONCLOA - ARAVACA;130,99
2024;JUNIO;1;CARTON COMERCIAL;1;CENTRO;245,6
2024;JUNIO;1;CARTON COMERCIAL;6;TETUAN;63
2024;JUNIO;1;CARTON COMERCIAL;7;CHAMBERI;92,3
2024;JUNIO;1;CARTON COMERCIAL;8;FUENCARRAL - EL PARDO;29,16
2024;JUNIO;1;CARTON COMERCIAL;10;LATINA;38,72
2024;JUNIO;1;CLINICOS;1;CENTRO;186,1
2024;JUNIO;1;CLINICOS;6;TETUAN;17,9
2024;JUNIO;1;CLINICOS;8;FUENCARRAL - EL PARDO;314,8
2024;JUNIO;1;CLINICOS;9;MONCLOA - ARAVACA;243,8
2024;JUNIO;1;CLINICOS;10;LATINA;28,96
2024;JUNIO;1;CONTENEDORES DE ROPA;8;FUENCARRAL - EL PARDO;0,18
2024;JUNIO;1;ENVASES;1;CENTRO;346,76
2024;JUNIO;1;ENVASES;6;TETUAN;503,48
2024;JUNIO;1;ENVASES;7;CHAMBERI;517,88
2024;JUNIO;1;ENVASES;8;FUENCARRAL - EL PARDO;761,64
2024;JUNIO;1;ENVASES;9;MONCLOA - ARAVACA;482,74
2024;JUNIO;1;ENVASES;10;LATINA;726,92
2024;JUNIO;1;ORGANICA;1;CENTRO;2241,28
2024;JUNIO;1;ORGANICA;6;TETUAN;1110,36
2024;JUNIO;1;ORGANICA;7;CHAMBERI;1184,8
2024;JUNIO;1;ORGANICA;8;FUENCARRAL - EL PARDO;1818,28
2024;JUNIO;1;ORGANICA;9;MONCLOA - ARAVACA;1278,06
2024;JUNIO;1;ORGANICA;10;LATINA;1583,08
2024;JUNIO;1;PAPEL-CARTON;1;CENTRO;431,04
2024;JUNIO;1;PAPEL-CARTON;6;TETUAN;408
2024;JUNIO;1;PAPEL-CARTON;7;CHAMBERI;356,48
2024;JUNIO;1;PAPEL-CARTON;8;FUENCARRAL - EL PARDO;718,12
2024;JUNIO;1;PAPEL-CARTON;9;MONCLOA - ARAVACA;226,26
2024;JUNIO;1;PAPEL-CARTON;10;LATINA;345,82
2024;JUNIO;1;PILAS;1;CENTRO;0,118434692
2024;JUNIO;1;PILAS;6;TETUAN;0,141718209
2024;JUNIO;1;PILAS;7;CHAMBERI;0,090254524
2024;JUNIO;1;PILAS;8;FUENCARRAL - EL PARDO;0,143701374
2024;JUNIO;1;PILAS;9;MONCLOA - ARAVACA;0,090323979
2024;JUNIO;1;PILAS;10;LATINA;0,163292836
2024;JUNIO;1;PUNTOS LIMPIOS;8;FUENCARRAL - EL PARDO;154,74
2024;JUNIO;1;PUNTOS LIMPIOS;9;MONCLOA - ARAVACA;61,78
2024;JUNIO;1;PUNTOS LIMPIOS;10;LATINA;103,58
2024;JUNIO;1;RCD;1;CENTRO;176,72
2024;JUNIO;1;RCD;6;TETUAN;27,935
2024;JUNIO;1;RCD;7;CHAMBERI;61,9
2024;JUNIO;1;RCD;8;FUENCARRAL - EL PARDO;113,32
2024;JUNIO;1;RCD;9;MONCLOA - ARAVACA;76,79
2024;JUNIO;1;RCD;10;LATINA;54,29
2024;JUNIO;1;RESTO;1;CENTRO;3337,24
2024;JUNIO;1;RESTO;6;TETUAN;2195,64
2024;JUNIO;1;RESTO;7;CHAMBERI;1689,14
2024;JUNIO;1;RESTO;8;FUENCARRAL - EL PARDO;2876,14
2024;JUNIO;1;RESTO;9;MONCLOA - ARAVACA;2062,7
2024;JUNIO;1;RESTO;10;LATINA;2843,4
2024;JUNIO;1;ROPA;1;CENTRO;17,27
2024;JUNIO;1;ROPA;6;TETUAN;14,36
2024;JUNIO;1;ROPA;7;CHAMBERI;20,145
2024;JUNIO;1;ROPA;8;FUENCARRAL - EL PARDO;19,965
2024;JUNIO;1;ROPA;9;MONCLOA - ARAVACA;13,1
2024;JUNIO;1;ROPA;10;LATINA;27,14
2024;JUNIO;1;VIDRIO;1;CENTRO;574,98
2024;JUNIO;1;VIDRIO;6;TETUAN;255,94
2024;JUNIO;1;VIDRIO;7;CHAMBERI;337,42
2024;JUNIO;1;VIDRIO;8;FUENCARRAL - EL PARDO;326,54
2024;JUNIO;1;VIDRIO;9;MONCLOA - ARAVACA;180,44
2024;JUNIO;1;VIDRIO;10;LATINA;256,34
2024;JUNIO;1;VIDRIO COMERCIAL;1;CENTRO;127,14
2024;JUNIO;2;CARTON COMERCIAL;3;RETIRO;64,08
2024;JUNIO;2;CARTON COMERCIAL;4;SALAMANCA;86,74
2024;JUNIO;2;CARTON COMERCIAL;5;CHAMARTIN;96,44
2024;JUNIO;2;CARTON COMERCIAL;14;MORATALAZ;29,02
2024;JUNIO;2;CARTON COMERCIAL;15;CIUDAD LINEAL;32,92
2024;JUNIO;2;CARTON COMERCIAL;16;HORTALEZA;29,42
2024;JUNIO;2;CARTON COMERCIAL;19;VICALVARO;30,64
2024;JUNIO;2;CARTON COMERCIAL;20;SAN BLAS - CANILLEJAS;16,26
2024;JUNIO;2;CARTON COMERCIAL;21;BARAJAS;21,82
2024;JUNIO;2;CLINICOS;3;RETIRO;178,46
2024;JUNIO;2;CLINICOS;4;SALAMANCA;116,9
2024;JUNIO;2;CLINICOS;15;CIUDAD LINEAL;130,24
2024;JUNIO;2;ENVASES;3;RETIRO;347,84
2024;JUNIO;2;ENVASES;4;SALAMANCA;534,98
2024;JUNIO;2;ENVASES;5;CHAMARTIN;487,58
2024;JUNIO;2;ENVASES;14;MORATALAZ;247,94
2024;JUNIO;2;ENVASES;15;CIUDAD LINEAL;741,06
2024;JUNIO;2;ENVASES;16;HORTALEZA;683,58
2024;JUNIO;2;ENVASES;19;VICALVARO;333,32
2024;JUNIO;2;ENVASES;20;SAN BLAS - CANILLEJAS;540,84
2024;JUNIO;2;ENVASES;21;BARAJAS;174,16
2024;JUNIO;2;ORGANICA;3;RETIRO;948,5
2024;JUNIO;2;ORGANICA;4;SALAMANCA;1585,06
2024;JUNIO;2;ORGANICA;5;CHAMARTIN;1374,64
2024;JUNIO;2;ORGANICA;14;MORATALAZ;390,82
2024;JUNIO;2;ORGANICA;15;CIUDAD LINEAL;1256,38
2024;JUNIO;2;ORGANICA;16;HORTALEZA;1276,82
2024;JUNIO;2;ORGANICA;19;VICALVARO;858,44
2024;JUNIO;2;ORGANICA;20;SAN BLAS - CANILLEJAS;1025,42
2024;JUNIO;2;ORGANICA;21;BARAJAS;499,8
2024;JUNIO;2;PAPEL-CARTON;3;RETIRO;292,02
2024;JUNIO;2;PAPEL-CARTON;4;SALAMANCA;496,82
2024;JUNIO;2;PAPEL-CARTON;5;CHAMARTIN;327,84
2024;JUNIO;2;PAPEL-CARTON;14;MORATALAZ;367,5
2024;JUNIO;2;PAPEL-CARTON;15;CIUDAD LINEAL;394,92
2024;JUNIO;2;PAPEL-CARTON;16;HORTALEZA;429
2024;JUNIO;2;PAPEL-CARTON;19;VICALVARO;71,98
2024;JUNIO;2;PAPEL-CARTON;20;SAN BLAS - CANILLEJAS;293,68
2024;JUNIO;2;PAPEL-CARTON;21;BARAJAS;124,98
2024;JUNIO;2;PILAS;3;RETIRO;0,041437253
2024;JUNIO;2;PILAS;4;SALAMANCA;0,101855787
2024;JUNIO;2;PILAS;5;CHAMARTIN;0,110095551
2024;JUNIO;2;PILAS;14;MORATALAZ;0,052961268
2024;JUNIO;2;PILAS;15;CIUDAD LINEAL;0,09430539
2024;JUNIO;2;PILAS;16;HORTALEZA;0,195614417
2024;JUNIO;2;PILAS;19;VICALVARO;0,083683463
2024;JUNIO;2;PILAS;20;SAN BLAS - CANILLEJAS;0,089800353
2024;JUNIO;2;PILAS;21;BARAJAS;0,09022759
2024;JUNIO;2;PUNTOS LIMPIOS;3;RETIRO;2
2024;JUNIO;2;PUNTOS LIMPIOS;5;CHAMARTIN;123,86
2024;JUNIO;2;PUNTOS LIMPIOS;14;MORATALAZ;48,38
2024;JUNIO;2;PUNTOS LIMPIOS;15;CIUDAD LINEAL;115,16
2024;JUNIO;2;PUNTOS LIMPIOS;16;HORTALEZA;86,46
2024;JUNIO;2;PUNTOS LIMPIOS;19;VICALVARO;41,88
2024;JUNIO;2;PUNTOS LIMPIOS;20;SAN BLAS - CANILLEJAS;81,4
2024;JUNIO;2;PUNTOS LIMPIOS;21;BARAJAS;48,82
2024;JUNIO;2;RCD;3;RETIRO;54,06
2024;JUNIO;2;RCD;4;SALAMANCA;44,66
2024;JUNIO;2;RCD;5;CHAMARTIN;125,32
2024;JUNIO;2;RCD;14;MORATALAZ;68,52
2024;JUNIO;2;RCD;15;CIUDAD LINEAL;114,04
2024;JUNIO;2;RCD;16;HORTALEZA;110,41
2024;JUNIO;2;RCD;19;VICALVARO;72,8
2024;JUNIO;2;RCD;20;SAN BLAS - CANILLEJAS;73,78
2024;JUNIO;2;RCD;21;BARAJAS;27,02
2024;JUNIO;2;RESTO;3;RETIRO;1248,1
2024;JUNIO;2;RESTO;4;SALAMANCA;1676,56
2024;JUNIO;2;RESTO;5;CHAMARTIN;1665,54
2024;JUNIO;2;RESTO;14;MORATALAZ;953,1
2024;JUNIO;2;RESTO;15;CIUDAD LINEAL;2509,1
2024;JUNIO;2;RESTO;16;HORTALEZA;2245,32
2024;JUNIO;2;RESTO;19;VICALVARO;1584,66
2024;JUNIO;2;RESTO;20;SAN BLAS - CANILLEJAS;2109,9
2024;JUNIO;2;RESTO;21;BARAJAS;779,64
2024;JUNIO;2;ROPA;3;RETIRO;12,75
2024;JUNIO;2;ROPA;4;SALAMANCA;12,61
2024;JUNIO;2;ROPA;5;CHAMARTIN;16,6
2024;JUNIO;2;ROPA;14;MORATALAZ;6,23
2024;JUNIO;2;ROPA;15;CIUDAD LINEAL;13,57
2024;JUNIO;2;ROPA;16;HORTALEZA;12,16
2024;JUNIO;2;ROPA;19;VICALVARO;9,62
2024;JUNIO;2;ROPA;20;SAN BLAS - CANILLEJAS;11,37
2024;JUNIO;2;ROPA;21;BARAJAS;8,39
2024;JUNIO;2;VIDRIO;3;RETIRO;142,66
2024;JUNIO;2;VIDRIO;4;SALAMANCA;407,2
2024;JUNIO;2;VIDRIO;5;CHAMARTIN;180,68
2024;JUNIO;2;VIDRIO;14;MORATALAZ;235,68
2024;JUNIO;2;VIDRIO;15;CIUDAD LINEAL;159,88
2024;JUNIO;2;VIDRIO;16;HORTALEZA;156,64
2024;JUNIO;2;VIDRIO;19;VICALVARO;151,06
2024;JUNIO;2;VIDRIO;20;SAN BLAS - CANILLEJAS;304,54
2024;JUNIO;2;VIDRIO;21;BARAJAS;118,9
2024;JUNIO;2;VIDRIO COMERCIAL;4;SALAMANCA;154,96
2024;JUNIO;3;ANIMALES MUERTOS;99;SIN DISTRITO;10,2
2024;JUNIO;3;CARTON COMERCIAL;2;ARGANZUELA;43,78
2024;JUNIO;3;CARTON COMERCIAL;11;CARABANCHEL;38,98
2024;JUNIO;3;CARTON COMERCIAL;12;USERA;37,14
2024;JUNIO;3;CARTON COMERCIAL;13;PUENTE DE VALLECAS;46,62
2024;JUNIO;3;CARTON COMERCIAL;17;VILLAVERDE;28,02
2024;JUNIO;3;CARTON COMERCIAL;18;VILLA DE VALLECAS;24,96
2024;JUNIO;3;CLINICOS;12;USERA;161,36
2024;JUNIO;3;CLINICOS;13;PUENTE DE VALLECAS;32,32
2024;JUNIO;3;ENVASES;2;ARGANZUELA;490,62
2024;JUNIO;3;ENVASES;11;CARABANCHEL;988,98
2024;JUNIO;3;ENVASES;12;USERA;508,78
2024;JUNIO;3;ENVASES;13;PUENTE DE VALLECAS;932,8
2024;JUNIO;3;ENVASES;17;VILLAVERDE;418,48
2024;JUNIO;3;ENVASES;18;VILLA DE VALLECAS;392,34
2024;JUNIO;3;ORGANICA;2;ARGANZUELA;732,48
2024;JUNIO;3;ORGANICA;11;CARABANCHEL;1898,3
2024;JUNIO;3;ORGANICA;12;USERA;1000,34
2024;JUNIO;3;ORGANICA;13;PUENTE DE VALLECAS;1650,66
2024;JUNIO;3;ORGANICA;17;VILLAVERDE;1188,34
2024;JUNIO;3;ORGANICA;18;VILLA DE VALLECAS;1888,34
2024;JUNIO;3;PAPEL-CARTON;2;ARGANZUELA;377,02
2024;JUNIO;3;PAPEL-CARTON;11;CARABANCHEL;341,18
2024;JUNIO;3;PAPEL-CARTON;12;USERA;198,42
2024;JUNIO;3;PAPEL-CARTON;13;PUENTE DE VALLECAS;277,9
2024;JUNIO;3;PAPEL-CARTON;17;VILLAVERDE;222,64
2024;JUNIO;3;PAPEL-CARTON;18;VILLA DE VALLECAS;193,72
2024;JUNIO;3;PILAS;2;ARGANZUELA;0,092564665
2024;JUNIO;3;PILAS;11;CARABANCHEL;0,161408314
2024;JUNIO;3;PILAS;12;USERA;0,139519627
2024;JUNIO;3;PILAS;13;PUENTE DE VALLECAS;0,084158117
2024;JUNIO;3;PILAS;17;VILLAVERDE;0,085591704
2024;JUNIO;3;PILAS;18;VILLA DE VALLECAS;0,044017846
2024;JUNIO;3;PUNTOS LIMPIOS;2;ARGANZUELA;75,1
2024;JUNIO;3;PUNTOS LIMPIOS;11;CARABANCHEL;60,32
2024;JUNIO;3;PUNTOS LIMPIOS;12;USERA;41,02
2024;JUNIO;3;PUNTOS LIMPIOS;13;PUENTE DE VALLECAS;53,02
2024;JUNIO;3;PUNTOS LIMPIOS;17;VILLAVERDE;45,16
2024;JUNIO;3;PUNTOS LIMPIOS;18;VILLA DE VALLECAS;90,7
2024;JUNIO;3;RCD;2;ARGANZUELA;37,7
2024;JUNIO;3;RCD;11;CARABANCHEL;79,88
2024;JUNIO;3;RCD;12;USERA;37,86
2024;JUNIO;3;RCD;13;PUENTE DE VALLECAS;49,93
2024;JUNIO;3;RCD;17;VILLAVERDE;93,36
2024;JUNIO;3;RCD;18;VILLA DE VALLECAS;64,44
2024;JUNIO;3;RESTO;2;ARGANZUELA;1577,3
2024;JUNIO;3;RESTO;11;CARABANCHEL;3389
2024;JUNIO;3;RESTO;12;USERA;1442,8
2024;JUNIO;3;RESTO;13;PUENTE DE VALLECAS;3090,84
2024;JUNIO;3;RESTO;17;VILLAVERDE;2420,72
2024;JUNIO;3;RESTO;18;VILLA DE VALLECAS;2325,2
2024;JUNIO;3;RESTO;99;SIN DISTRITO;6,044
2024;JUNIO;3;ROPA;2;ARGANZUELA;20,41
2024;JUNIO;3;ROPA;11;CARABANCHEL;12,025
2024;JUNIO;3;ROPA;12;USERA;16,39
2024;JUNIO;3;ROPA;13;PUENTE DE VALLECAS;9,425
2024;JUNIO;3;ROPA;17;VILLAVERDE;6,805
2024;JUNIO;3;ROPA;18;VILLA DE VALLECAS;15,64
2024;JUNIO;3;VIDRIO;2;ARGANZUELA;294,28
2024;JUNIO;3;VIDRIO;11;CARABANCHEL;253,02
2024;JUNIO;3;VIDRIO;12;USERA;206,6
2024;JUNIO;3;VIDRIO;13;PUENTE DE VALLECAS;136,58
2024;JUNIO;3;VIDRIO;17;VILLAVERDE;153,72
2024;JUNIO;3;VIDRIO;18;VILLA DE VALLECAS;66,34
